-- phpMyAdmin SQL Dump
-- version 4.1.14
-- http://www.phpmyadmin.net
--
-- Servidor: 127.0.0.1
-- Tiempo de generación: 18-01-2016 a las 22:58:34
-- Versión del servidor: 5.6.17
-- Versión de PHP: 5.5.12

SET FOREIGN_KEY_CHECKS=0;
SET SQL_MODE = "NO_AUTO_VALUE_ON_ZERO";
SET AUTOCOMMIT = 0;
START TRANSACTION;
SET time_zone = "+00:00";


/*!40101 SET @OLD_CHARACTER_SET_CLIENT=@@CHARACTER_SET_CLIENT */;
/*!40101 SET @OLD_CHARACTER_SET_RESULTS=@@CHARACTER_SET_RESULTS */;
/*!40101 SET @OLD_COLLATION_CONNECTION=@@COLLATION_CONNECTION */;
/*!40101 SET NAMES utf8 */;

--
-- Base de datos: `sistema_nutrimental_infantil`
--

--
-- Volcado de datos para la tabla `alimento`
--

INSERT INTO `alimento` (`alimento_id`, `categoria_id`, `alimento_nombre`, `alimento_descripcion`) VALUES
(1, 1, 'AMARANTO', 'AMARANTH,UNCKD'),
(2, 1, 'ARROZ PRECOCIDO', 'RICE,WHITE,LONG-GRAIN,PRECKD OR INST,ENR,DRY'),
(3, 1, 'ARROZ BLANCO GRANO CORTO', 'RICE,WHITE,SHORT-GRAIN,RAW,UNENR'),
(4, 1, 'ARROZ BLANCO GRANO CORTO (COCIDO)', 'RICE,WHITE,SHORT-GRAIN,CKD,UNENR'),
(5, 1, 'ARROZ BLANCO GRANO LARGO', 'RICE,WHITE,LONG-GRAIN,REG,RAW,UNENR'),
(6, 1, 'ARROZ BLANCO GRANO LARGO (COCIDO)', 'RICE,WHITE,LONG-GRAIN,REG,CKD,UNENR,WO/SALT'),
(7, 1, 'ARROZ BLANCO GRANO LARGO PARBOLIZADO', 'RICE,WHITE,LONG-GRAIN,PARBLD,UNENR,DRY'),
(8, 1, 'ARROZ BLANCO GRANO LARGO PARBOLIZADO (COCIDO)', 'RICE,WHITE,LONG-GRAIN,PARBLD,UNENR,CKD'),
(9, 1, 'ARROZ BLANCO GRANO MEDIO', 'RICE,WHITE,MEDIUM-GRAIN,RAW,UNENR'),
(10, 1, 'ARROZ BLANCO GRANO MEDIO (COCIDO)', 'RICE,WHITE,MEDIUM-GRAIN,CKD,UNENR'),
(11, 1, 'ARROZ INTEGRAL GRANO LARGO', 'RICE,BROWN,LONG-GRAIN,RAW'),
(12, 1, 'ARROZ INTEGRAL GRANO LARGO (COCIDO)', 'RICE,BROWN,LONG-GRAIN,CKD'),
(13, 1, 'ARROZ INTEGRAL GRANO MEDIO', 'RICE,BROWN,MEDIUM-GRAIN,RAW'),
(14, 1, 'ARROZ INTEGRAL GRANO MEDIO (COCIDO)', 'RICE,BROWN,MEDIUM-GRAIN,CKD'),
(15, 1, 'AVENA (HOJUELAS)', 'OATS'),
(16, 1, 'AVENA MOLIDA QUAKER', 'CEREALS,QUAKER,QUICK OATS,DRY'),
(17, 1, 'CANGUIL', 'POPCORN,AIR-POPPED'),
(18, 1, 'CANGUIL DULCE DE CARAMELO', 'POPCORN,CARAMEL-COATED,WO/PNUTS'),
(19, 1, 'CEBADA', 'BARLEY,HULLED'),
(20, 1, 'CEBADA PERLADA', 'BARLEY,PEARLED,RAW'),
(21, 1, 'CENTENO', 'RYE'),
(22, 1, 'CEREAL DESAYUNO  CON MIEL', 'CEREALS RTE,KELLOGG,KELLOGG''S HONEY CRUNCH CORN FLAKES'),
(23, 1, 'CEREAL DESAYUNO ARROZ CROCANTE', 'CEREALS RTE,KELLOGG,KELLOGG''S CORN POPS'),
(24, 1, 'CEREAL DESAYUNO CON PASAS', 'CEREALS RTE,KELLOGG,KELLOGG''S RAISIN BRAN'),
(25, 1, 'CEREAL DESAYUNO FROOT LOOPS, TRIX', 'CEREALS RTE,KELLOGG,KELLOGG''S FROOT LOOPS'),
(26, 1, 'CEREAL DESAYUNO GRANOLA CON TRIGO Y MIEL', 'CEREALS RTE,QUAKER,100% NAT GRANOLA,OATS,WHEAT & HONEY'),
(27, 1, 'CEREAL DESAYUNO HOJUELAS AZUCARADAS', 'CEREALS RTE,KELLOGG,KELLOGG''S FRSTD FLAKES'),
(28, 1, 'CEREAL DESAYUNO HOJUELAS DE TRIGO ALL-BRAN', 'CEREALS RTE,KELLOGG,KELLOGG''S ALL-BRAN COMPLETE WHEAT FLAKES'),
(29, 1, 'CEREAL DESAYUNO HOJUELAS SABOR A CHOCOLATE', 'CEREALS RTE,KELLOGG,KELLOGG''S COCOA KRISPIES'),
(30, 1, 'CEREAL DESAYUNO MUESLI CON FRUTAS SECAS Y NUECES', 'CEREALS RTE,MUESLI,DRIED FRUIT & NUTS'),
(31, 1, 'CEREAL DESAYUNO ORIGINAL', 'CEREALS RTE,KELLOGG,KELLOGG''S CORN FLAKES'),
(32, 1, 'CEREAL DESAYUNO SPECIAL  K', 'CEREALS RTE,KELLOGG,KELLOGG''S SPL K'),
(33, 1, 'CHOCLO AMARILLO (EN MAZORCA)', 'ELOTE AMARILLO'),
(34, 1, 'CHOCLO BLANCO', 'CORN,SWEET,WHITE,RAW'),
(35, 1, 'FIDEO CHINO FORTIFICADO (COCIDO)', 'NOODLES,EGG,CKD,ENR'),
(36, 1, 'FIDEO CHINO FORTIFICADO (SECO)', 'NOODLES,EGG,DRY,ENRICHED'),
(37, 1, 'FIDEO DE ARROZ (COCIDO)', 'RICE NOODLES,COOKED'),
(38, 1, 'FIDEO DE ARROZ (SECO)', 'RICE NOODLES,DRY'),
(39, 1, 'FIDEO/PASTA PROMEDIO', 'PASTAS SIN ENRIQUECER PROMEDIO'),
(40, 1, 'FIDEO/SPAGHETTI DE ESPINACA (COCIDO)', 'SPAGHETTI,SPINACH,COOKED'),
(41, 1, 'FIDEO/SPAGHETTI DE ESPINACA (SECO)', 'SPAGHETTI,SPINACH,DRY'),
(42, 1, 'FIDEO/SPAGHETTI DE TRIGO ENTERO (COCIDO)', 'SPAGHETTI,WHOLE-WHEAT,CKD'),
(43, 1, 'FIDEO/SPAGHETTI DE TRIGO ENTERO (SECO)', 'SPAGHETTI,WHOLE-WHEAT,DRY'),
(44, 1, 'FIDEO/SPAGUETTI FORTIFICADO', 'SPAGHETTI,DRY,ENRICHED'),
(45, 1, 'GALLETAS COBERTURA DE CHOCOLATE', 'COOKIES,GRAHAM CRACKERS,CHOCOLATE-COATED'),
(46, 1, 'GALLETAS CON CHISPAS DE CHOCOLATE', 'COOKIES,CHOC CHIP,COMMLY PREP,REG,HIGHER FAT,UNENR'),
(47, 1, 'GALLETAS CON RELLENO TIPO WAFFER', 'COOKIES,SUGAR WAFERS W/CREME FILLING,REG'),
(48, 1, 'GALLETAS DE AVENA', 'COOKIES,OATMEAL,COMMLY PREP,REG'),
(49, 1, 'GALLETAS DE SAL TIPO SALTINAS', 'CRACKERS,SALTINES (INCL OYSTER,SODA,SOUP)'),
(50, 1, 'GALLETAS OREO', 'NABISCO,NABISCO OREO CRUNCHIES,COOKIE CRUMB TOPPING'),
(51, 1, 'GALLETAS SIMPLES DE DULCE', 'COOKIES,SUGAR,COMMLY PREP,REG (INCL VANILLA)'),
(52, 1, 'GERMEN DE TRIGO', 'WHEAT GERM,CRUDE'),
(53, 1, 'GRANOLA EN BARRA NUTRIGRAIN', 'KELLOGG,KELLOGG''S NUTRI-GRAIN CRL BARS,MXD BERRY'),
(54, 1, 'GRANOLA PREPARADA EN CASA', 'CEREALS RTE,GRANOLA,HOMEMADE'),
(55, 1, 'HARINA DE CEBADA/ MÁCHICA', 'HARINA CEBADA'),
(56, 1, 'HARINA DE CENTENO', 'RYE FLOUR,MEDIUM'),
(57, 1, 'HARINA DE MAÍZ', 'CORN FLR,WHOLE-GRAIN,YEL'),
(58, 1, 'HARINA DE QUINUA', 'HARINA DE QUINUA'),
(59, 1, 'HARINA DE TRIGO INTEGRAL', 'WHEAT FLOUR,WHOLE-GRAIN'),
(60, 1, 'HARINA DE TRIGO REFINADA Y FORTIFICADA', 'WHEAT FLR,WHITE,ALL-PURPOSE,ENR,BLEACHED'),
(61, 1, 'MAICENA', 'CORNSTARCH'),
(62, 1, 'MAÍZ (NEGRO O AZUL)', 'MAÍZ (NEGRO O AZUL)'),
(63, 1, 'MAÍZ AMARILLO', 'MAÍZ AMARILLO'),
(64, 1, 'MELVAS CHICAS', ''),
(65, 1, 'MOROCHO', 'MAÍZ BLANCO'),
(66, 1, 'MOTE', 'MAÍZ BLANCO'),
(67, 1, 'OREJAS (LA CANASTA Y TODAS LAS MARCAS)', ''),
(68, 1, 'PAN BLANCO INDUSTRIAL TIPO SUPAN', 'BREAD,WHITE,COMMLY PREP (INCL SOFT BREAD CRUMBS)'),
(69, 1, 'PAN BLANCO INDUSTRIAL TIPO SUPAN (TOSTADO)', 'BREAD,WHITE,COMMLY PREP,TSTD'),
(70, 1, 'PAN DE CENTENO', 'BREAD,RYE'),
(71, 1, 'PAN DE CENTENO (TOSTADO)', 'BREAD,RYE,TOASTED'),
(72, 1, 'PAN DE GERMEN DE TRIGO', 'BREAD,WHEAT GERM'),
(73, 1, 'PAN DE SALVADO DE TRIGO', 'BREAD,WHEAT BRAN'),
(74, 1, 'PAN DE TRIGO', 'BREAD,WHEAT'),
(75, 1, 'PAN DE TRIGO (TOSTADO)', 'BREAD, WHEAT, TSTD'),
(76, 1, 'PAN INTEGRAL DE TRIGO', 'BREAD,WHOLE-WHEAT,COMM. PREPARED'),
(77, 1, 'PAN INTEGRAL DE TRIGO (TOSTADO)', 'BREAD, WHOLE-WHEAT, COMMER PREP, TOASTED'),
(78, 1, 'PAN NEGRO DE CENTENO', 'BREAD,PUMPERNICKEL'),
(79, 1, 'PAN NEGRO DE CENTENO (TOSTADO)', 'BREAD,PUMPERNICKEL,TSTD'),
(80, 1, 'PAN PARA HAMBURGUESA  O HOTDOG MULTICEREAL', 'ROLLS,HAMBURGER OR HOTDOG,MIXED-GRAIN'),
(81, 1, 'PAN PARA HAMBURGUESA O HOTDOG REGULAR', 'ROLLS,HAMBURGER OR HOTDOG,PLN'),
(82, 1, 'PAN PITA BLANCO', 'BREAD,PITA,WHITE,ENRICHED'),
(83, 1, 'PAN PITA INTEGRAL', 'BREAD,PITA,WHOLE-WHEAT'),
(84, 1, 'QUINUA', 'QUINOA,UNCKD'),
(85, 1, 'SALVADO DE TRIGO', 'WHEAT BRAN,CRUDE'),
(86, 1, 'SEMOLA', 'SEMOLINA,UNENRICHED'),
(87, 1, 'TAPIOCA', 'TAPIOCA,PEARL,DRY'),
(88, 1, 'TORTILLA DE MAÍZ AMARILLO', 'TORTILLAS,RTB OR -FRY,CORN'),
(89, 1, 'TORTILLA DE MAÍZ Y TRIGO', 'TORTILLA DE MAÍZ Y TRIGO'),
(90, 1, 'TRIGO ENTERO', 'WHEAT,DURUM'),
(91, 2, 'ACEITUNAS', 'OLIVES,RIPE,CND (SMALL-EXTRA LRG)'),
(92, 2, 'AJONJOLI', 'SESAME SEEDS,WHOLE,DRIED'),
(93, 2, 'ALMENDRA', 'ALMONDS'),
(94, 2, 'ARVEJA', 'PEAS,GREEN,RAW'),
(95, 2, 'ARVEJA (ENLATADA)', 'PEAS,GRN,CND,REG PK,SOL&LIQUIDS'),
(96, 2, 'ARVEJA COCIDA EN AGUA SIN SAL', 'PEAS,GRN,CKD,BLD,DRND,WO/SALT'),
(97, 2, 'ARVEJA CONGELADA Y COCIDA SIN SAL (COMERCIAL)', 'PEAS,GRN,FRZ,CKD,BLD,DRND,WO/SALT'),
(98, 2, 'AVELLANA', 'HAZELNUTS OR FILBERTS'),
(99, 2, 'CASTAÑA', 'CHESTNUTS,CHINESE,RAW'),
(100, 2, 'CHIA', 'CHIA SEEDS,DRIED'),
(101, 2, 'CHOCHO', 'LUPINS,MATURE SEEDS,RAW'),
(102, 2, 'CHOCHO COCIDO EN AGUA CON SAL', 'LUPINS,MATURE SEEDS,CKD,BLD,W/SALT'),
(103, 2, 'CHOCHO COCIDO EN AGUA SIN SAL', 'LUPINS,MATURE SEEDS,CKD,BLD,WO/ SALT'),
(104, 2, 'FRÉJOL BLANCO', 'BEANS,SML WHITE,MATURE SEEDS,RAW'),
(105, 2, 'FRÉJOL BLANCO COCIDO EN AGUA SIN SAL', 'BEANS,SML WHITE,MATURE SEEDS,CKD,BLD,WO/SALT'),
(106, 2, 'FREJOL CON CARNE MOLIDA DE RES ENLATADA', 'CHILI WITH BEANS,CANNED'),
(107, 2, 'FRÉJOL DE ARBOL (GANDUL)', 'BEANS,GREAT NORTHERN,MATURE SEEDS,RAW'),
(108, 2, 'FRÉJOL GARBANCILLO', 'BEANS,PINTO,MATURE SEEDS,RAW'),
(109, 2, 'FRÉJOL NEGRO', 'BEANS,BLACK,MATURE SEEDS,RAW'),
(110, 2, 'FRÉJOL NEGRO (ENLATADO)', 'BEANS,BLACK TURTLE,MATURE SEEDS,CND'),
(111, 2, 'FRÉJOL NEGRO COCIDO EN AGUA SIN SAL', 'BEANS,BLACK,MATURE SEEDS,CKD,BLD,WO/SALT'),
(112, 2, 'FRÉJOL ROJO', 'BEANS,KIDNEY,ALL TYPES,MATURE SEEDS,RAW'),
(113, 2, 'FRÉJOL ROJO (ENLATADO)', 'BEANS,KIDNEY,ALL TYPES,MATURE SEEDS,CND'),
(114, 2, 'FRÉJOL ROJO COCIDO EN AGUA SIN SAL', 'BEANS,KIDNEY,ALL TYPES,MATURE SEEDS,CKD,BLD,WO/SALT'),
(115, 2, 'FRÉJOL ROSADO', 'BEANS,PINK,MATURE SEEDS,RAW'),
(116, 2, 'FRÉJOL ROSADO COCIDO EN AGUA SIN SAL', 'BEANS,PINK,MATURE SEEDS,CKD,BLD,WO/SALT'),
(117, 2, 'GARBANZO', 'CHICKPEAS (GARBANZO BNS,BENGAL GM),MATURE SEEDS,RAW'),
(118, 2, 'GARBANZO (ENLATADO)', 'CHICKPEAS (GARBANZO BNS,BENGAL GRAM),MATURE SDS,CND,SOL&LIQ'),
(119, 2, 'GARBANZO (HARINA)', 'CHICKPEA FLOUR (BESAN)'),
(120, 2, 'GARBANZO COCIDO EN AGUA SIN SAL', 'CHICKPEAS ,MATURE SEEDS,CKD,BLD,WO/SALT'),
(121, 2, 'HABA', 'BROADBEANS (FAVA BEANS),MATURE SEEDS,RAW'),
(122, 2, 'HABA (HARINA)', 'HARINA HABA'),
(123, 2, 'HABA TIERNA', 'BROADBEANS,IMMAT SEEDS,RAW'),
(124, 2, 'HUMMUS COMERCIAL', 'HUMMUS,COMMERCIAL'),
(125, 2, 'LENTEJA', 'LENTILS,RAW'),
(126, 2, 'LENTEJA COCIDA EN AGUA SIN SAL', 'LENTILS,MATURE SEEDS,CKD,BLD,WO/SALT'),
(127, 2, 'LENTEJA GERMINADA', 'LENTILS,SPROUTED,RAW'),
(128, 2, 'LENTEJA GERMINADA COCIDA EN AGUA SIN SAL', 'LENTILS,SPROUTED,CKD,STIR-FRIED,WO/SALT'),
(129, 2, 'LINAZA', 'SEEDS,FLAXSEED'),
(130, 2, 'MACADAMIA', 'MACADAMIA NUTS,RAW'),
(131, 2, 'MAÍZ DULCE (ENLATADO)', 'CORN,SWT,YEL,CND,BRINE PK,REG PK,SOL&LIQUIDS'),
(132, 2, 'MANI', 'PEANUTS,ALL TYPES,RAW'),
(133, 2, 'MANI COCIDO CON SAL', 'PEANUTS,ALL TYPES,CKD,BLD,W/SALT'),
(134, 2, 'MANI TOSTADO CON ACEITE Y SAL', 'PEANUTS,ALL TYPES,OIL-ROASTED,W/SALT'),
(135, 2, 'MANI TOSTADO CON SAL', 'PEANUTS,ALL TYPES,DRY-ROASTED,W/SALT'),
(136, 2, 'MANTEQUILLA DE MANÍ BAJA EN GRASA', 'PEANUT BUTTER,SMOOTH,RED FAT'),
(137, 2, 'MANTEQUILLA DE MANÍ CON SAL', 'PEANUT BUTTER,SMOOTH STYLE,W/ SALT'),
(138, 2, 'MISO', 'MISO'),
(139, 2, 'NUEZ', 'WALNUTS,ENGLISH'),
(140, 2, 'PEPAS DE ZAMBO', 'PUMPKIN&SQUASH SEEDS,WHL,RSTD,WO/SALT'),
(141, 2, 'PISTACHO', 'PISTACHIO NUTS,DRY RSTD,WO/SALT'),
(142, 2, 'SEMILLAS DE GIRASOL', 'SUNFLOWER SD KRNLS,DRIED'),
(143, 2, 'SOYA', 'SOYBEANS,MATURE SEEDS,RAW'),
(144, 2, 'SOYA (LECHE EN POLVO)', ''),
(145, 2, 'SOYA (LECHE)', 'SOYMILK (ALL FLAVORS),LOWFAT,W/ ADDED CA,VITAMINS A & D'),
(146, 2, 'SOYA COCIDA EN AGUA SIN SAL', 'SOYBEANS,MATURE CKD,BLD,WO/SALT'),
(147, 3, 'ACELGA', 'CHARD,SWISS,RAW'),
(148, 3, 'ACELGA COCIDA SIN SAL', 'CHARD,SWISS,CKD,BLD,DRND,WO/SALT'),
(149, 3, 'ACHOJCHA', 'BALSAM-PEAR (BITTER GOURD),PODS,RAW'),
(150, 3, 'AJÍ ROCOTO ROJO', 'PEPPERS,HOT CHILI,RED,RAW'),
(151, 3, 'AJO', 'GARLIC,RAW'),
(152, 3, 'ALBAHACA', 'BASIL,FRESH'),
(153, 3, 'ALCACHOFA', 'ARTICHOKES,(GLOBE OR FRENCH),RAW'),
(154, 3, 'ALCACHOFA COCIDA SIN SAL', 'ARTICHOKES,(GLOBE OR FRENCH),CKD,BLD,DRND,WO/SALT'),
(155, 3, 'ALMIDÓN DE ACHIRA', 'ARROWROOT FLOUR'),
(156, 3, 'ALMIDÓN DE YUCA', 'FÉCULA MANDIOCA'),
(157, 3, 'APIO', 'CELERY,RAW'),
(158, 3, 'BERENJENA', 'EGGPLANT,RAW'),
(159, 3, 'BERENJENA COCIDA SIN SAL', 'EGGPLANT,CKD,BLD,DRND,WO/SALT'),
(160, 3, 'BERRO', 'WATERCRESS,RAW'),
(161, 3, 'BRÓCOLI', 'BROCCOLI,RAW'),
(162, 3, 'BRÓCOLI COCIDO SIN SAL', 'BROCCOLI,CKD,BLD,DRND,WO/SALT'),
(163, 3, 'CAMOTE', 'SWEET POTATO,RAW,UNPREP'),
(164, 3, 'CAMOTE COCIDO', 'SWEET POTATO,CKD,BLD,WO/ SKN'),
(165, 3, 'CEBOLLA BLANCA', 'ONIONS,SPRING OR SCALLIONS (INCL TOPS&BULB),RAW'),
(166, 3, 'CEBOLLA PAITEÑA', 'ONIONS,RAW'),
(167, 3, 'CEBOLLA PERLA', 'ONIONS,RAW'),
(168, 3, 'CEBOLLA PUERRO', 'LEEKS,(BULB&LOWER LEAF-PORTION),RAW'),
(169, 3, 'CEBOLLIN', 'CHIVES,RAW'),
(170, 3, 'CHAMPIÑONES', 'MUSHROOMS,WHITE,RAW'),
(171, 3, 'CHAMPIÑONES (ENLATADOS)', 'MUSHROOMS,CND,DRND SOL'),
(172, 3, 'CHAMPIÑONES COCIDOS SIN SAL', 'MUSHROOMS,WHITE,CKD,BLD,DRND,WO/ SALT'),
(173, 3, 'CHAMPIÑONES PORTOBELLO', 'MUSHROOMS,PORTABELLA,RAW'),
(174, 3, 'CILANTRO', 'CORIANDER (CILANTRO) LEAVES,RAW'),
(175, 3, 'COL BLANCA', 'CABBAGE,RAW'),
(176, 3, 'COL BLANCA COCIDA SIN SAL', 'CABBAGE,CKD,BLD,DRND,WO/SALT'),
(177, 3, 'COL DE BRUSELAS', 'BRUSSELS SPROUTS,RAW'),
(178, 3, 'COL DE BRUSELAS COCIDA SIN SAL', 'BRUSSELS SPROUTS,CKD,BLD,DRND,WO/SALT'),
(179, 3, 'COL MORADA', 'CABBAGE,RED,RAW'),
(180, 3, 'COL MORADA COCIDA SIN SAL', 'CABBAGE,RED,CKD,BLD,DRND,WO/SALT'),
(181, 3, 'COLIFLOR', 'CAULIFLOWER,RAW'),
(182, 3, 'COLIFLOR COCIDO SIN SAL', 'CAULIFLOWER,CKD,BLD,DRND,WO/SALT'),
(183, 3, 'ESPÁRRAGO', 'ASPARAGUS,RAW'),
(184, 3, 'ESPÁRRAGO (ENLATADO)', 'ASPARAGUS,CND,REG PK,SOL&LIQUIDS'),
(185, 3, 'ESPÁRRAGO COCIDO', 'ASPARAGUS,CKD,BLD,DRND'),
(186, 3, 'ESPINACA', 'SPINACH,RAW'),
(187, 3, 'ESPINACA COCIDA SIN SAL', 'SPINACH,CKD,BLD,DRND,WO/ SALT'),
(188, 3, 'LECHUGA', 'LETTUCE,GRN LEAF,RAW'),
(189, 3, 'LECHUGA CRESPA', 'LETTUCE,COS OR ROMAINE,RAW'),
(190, 3, 'MELLOCO', 'MELLOCO'),
(191, 3, 'NABO', 'TURNIPS,RAW'),
(192, 3, 'NABO COCIDO SIN SAL', 'TURNIPS,CKD,BLD,DRND,WO/SALT'),
(193, 3, 'ÑAME', 'YAM,RAW'),
(194, 3, 'OCA', 'OCA'),
(195, 3, 'PALMITO', 'PALM HEARTS,RAW'),
(196, 3, 'PALMITO (ENLATADO)', 'HEARTS OF PALM,CANNED'),
(197, 3, 'PAN DE YUCA CRUDO', 'PãO, DE QUEIJO, CRU'),
(198, 3, 'PAPA AMARILLA', 'PAPA AMARILLA'),
(199, 3, 'PAPA NABO', 'TURNIPS,RAW'),
(200, 3, 'PAPA NABO COCIDO SIN SAL', 'TURNIPS,CKD,BLD,DRND,WO/SALT'),
(201, 3, 'PAPA PROMEDIO', 'PAPA PROMEDIO'),
(202, 3, 'PEPINILLO', 'CUCUMBER,WITH PEEL,RAW'),
(203, 3, 'PEREJIL', 'PARSLEY,FRSH'),
(204, 3, 'PIMIENTO ROJO', 'PEPPERS,SWT,RED,RAW'),
(205, 3, 'PIMIENTO VERDE', 'PEPPERS,SWT,GRN,RAW'),
(206, 3, 'PLÁTANO (HARINA)', 'HARINA DE PLÁTANO'),
(207, 3, 'PLÁTANO DE SEDA (BANANO/GUINEO)', 'BANANAS,RAW'),
(208, 3, 'PLÁTANO MADURO/MAQUEÑO', 'PLÁTANO MADURO'),
(209, 3, 'PLÁTANO ORITO', 'PLATANO DOMINICO'),
(210, 3, 'PLÁTANO ROSADO', 'PLATANO MORADO'),
(211, 3, 'PLÁTANO VERDE', 'PLANTAINS,RAW'),
(212, 3, 'PLÁTANO VERDE COCIDO', 'PLANTAINS,COOKED'),
(213, 3, 'RÁBANO', 'RADISHES,RAW'),
(214, 3, 'RÁBANO LARGO', 'RADISHES,ORIENTAL,RAW'),
(215, 3, 'REMOLACHA', 'BEETS,RAW'),
(216, 3, 'REMOLACHA COCIDA', 'BEETS,CKD,BLD,DRND'),
(217, 3, 'RÚCULA', 'ARUGULA,RAW'),
(218, 3, 'SAMBO', 'GOURD,WHITE-FLOWERED (CALABASH),RAW'),
(219, 3, 'SAMBO COCIDO SIN SAL', 'GOURD,WHITE-FLOWERED (CALABASH),CKD,BLD,DRND,WO/SALT'),
(220, 3, 'TOMATE RIÑON', 'TOMATOES,RED,RIPE,RAW,YEAR RND AVERAGE'),
(221, 3, 'VAINITAS', 'BEANS,SNAP,GREEN,RAW'),
(222, 3, 'VAINITAS COCIDAS SIN SAL', 'BEANS,SNAP,GRN,CKD,BLD,DRND,WO/SALT'),
(223, 3, 'YERBABUENA', 'SPEARMINT,FRESH'),
(224, 3, 'YUCA', 'CASSAVA,RAW'),
(225, 3, 'ZANAHORIA', 'CARROTS,RAW'),
(226, 3, 'ZANAHORIA (ZUMO)', 'ZANAHORIA (JUGO)'),
(227, 3, 'ZANAHORIA BLANCA', 'PARSNIPS,RAW'),
(228, 3, 'ZANAHORIA BLANCA COCIDA SIN SAL', 'PARSNIPS,CKD,BLD,DRND,WO/SALT'),
(229, 3, 'ZANAHORIA COCIDA SIN SAL', 'CARROTS,CKD,BLD,DRND,WO/SALT'),
(230, 3, 'ZAPALLO', 'SQUASH,WINTER,HUBBARD,RAW'),
(231, 3, 'ZAPALLO COCIDO', 'SQUASH,WNTR,HUBBARD,BKD,WO/ SALT'),
(232, 3, 'ZUQUINI', 'SQUASH,SMMR,ZUCCHINI,INCL SKN,RAW'),
(233, 3, 'ZUQUINI COCIDO SIN SAL', 'SQUASH,SMMR,ZUCCHINI,INCL SKN,CKD,BLD,DRND,WO/SALT'),
(234, 4, 'AGUACATE (PROMEDIO)', 'AVOCADOS,RAW,ALL COMM VAR'),
(235, 4, 'AGUACATE SERRANO', 'AVOCADOS,RAW,FLORIDA'),
(236, 4, 'CACAO SECO', 'CACAO CON CASCARA'),
(237, 4, 'CAÑA DE AZUCAR', 'CAÑA DE AZUCAR'),
(238, 4, 'CAÑA DE AZÚCAR (JUGO)', 'CAÑA DE AZÚCAR (JUGO)'),
(239, 4, 'CAPULI', 'CAPULIN'),
(240, 4, 'CARAMBOLA', 'CARAMBOLA,(STARFRUIT),RAW'),
(241, 4, 'CEREZA', 'CHERRIES,SOUR,RED,RAW'),
(242, 4, 'CEREZAS EN CONSERVA', 'CHERRIES,SWT,CND,LT SYRUP PK,SOL&LIQUIDS'),
(243, 4, 'CHIRIMOYA', 'CHERIMOYA,RAW'),
(244, 4, 'CHONTADURO PIJUAYO', 'CHONTADURO PIJUAYO'),
(245, 4, 'CIRUELA PASA', 'PRUNES,DEHYD (LOW-MOISTURE),UNCKD'),
(246, 4, 'CLAUDIA AMARILLA', 'PLUMS,RAW'),
(247, 4, 'CLAUDIA ROJA', 'PLUMS,RAW'),
(248, 4, 'COCO (AGUA)', 'COCONUT H2O (LIQ FROM COCONUTS)'),
(249, 4, 'COCO (JUGO CON PULPA)', 'COCONUT MILK,RAW (LIQ EXPRESSED FROM GRATED MEAT&H2O)'),
(250, 4, 'COCO (PULPA)', 'COCONUT MEAT,RAW'),
(251, 4, 'COCO DESHIDRATADO', 'COCONUT MEAT,DRIED (DESICCATED),NOT SWTND'),
(252, 4, 'COKTEL DE FRUTAS EN CONSERVA', 'FRUIT COCKTAIL,CND,EX HVY SYRUP,SOL&LIQUIDS'),
(253, 4, 'DURAZNO', 'PEACHES,RAW'),
(254, 4, 'DURAZNOS EN ALMIBAR', 'PEACHES,CND,EX HVY SYRUP PK,SOL&LIQUIDS'),
(255, 4, 'FRUTA CRIOLLA', 'PEACHES,RAW'),
(256, 4, 'FRUTA DE PAN', 'BREADFRUIT,RAW'),
(257, 4, 'FRUTILLA', 'STRAWBERRIES,RAW'),
(258, 4, 'GRANADILLA', 'PASSION-FRUIT,(GRANADILLA),PURPLE,RAW'),
(259, 4, 'GROSELLA', 'PITANGA,(SURINAM-CHERRY),RAW'),
(260, 4, 'GUABA', 'JINICUIL CRUDO (SEMILLAS)'),
(261, 4, 'GUANABANA', 'SOURSOP,RAW'),
(262, 4, 'GUAYABA', 'GUAVAS,COMMON,RAW'),
(263, 4, 'GUAYTAMBO', 'PEACHES,RAW'),
(264, 4, 'HIGOS', 'FIGS,RAW'),
(265, 4, 'HIGOS CON MIEL (CONSERVA)', 'FIGS,CND,EX HVY SYRUP PK,SOL&LIQUIDS'),
(266, 4, 'JÍCAMA', 'YAMBEAN (JICAMA),RAW'),
(267, 4, 'KIWI', 'KIWIFRUIT,GRN,RAW'),
(268, 4, 'LIMA', 'LIMES,RAW'),
(269, 4, 'LIMÓN', 'LEMONS,RAW,WITHOUT PEEL'),
(270, 4, 'LIMÓN (ZUMO)', 'LEMON JUICE,RAW'),
(271, 4, 'MANDARINA', 'TANGERINES,(MANDARIN ORANGES),RAW'),
(272, 4, 'MANGO', 'MANGOS,RAW'),
(273, 4, 'MANZANA', 'APPLES,RAW,WITH SKIN'),
(274, 4, 'MARACUYÁ', 'MARACUJA, CRU'),
(275, 4, 'MELOCOTÓN', 'PEACHES,RAW'),
(276, 4, 'MELÓN', 'MELONS,CANTALOUPE,RAW'),
(277, 4, 'MELÓN VALENCIANO', 'MELONS,HONEYDEW,RAW'),
(278, 4, 'MEMBRILLO', 'QUINCES,RAW'),
(279, 4, 'MORA', 'BLACKBERRIES,RAW'),
(280, 4, 'NARANJA', 'ORANGES,RAW,ALL COMM VAR'),
(281, 4, 'NARANJA (ZUMO)', 'ORANGE JUICE,RAW'),
(282, 4, 'NARANJILLA (PULPA CONGELADA)', 'NARANJILLA (LULO) PULP,FRZ,UNSWTND'),
(283, 4, 'NECTARINO', 'NECTARINES,RAW'),
(284, 4, 'NISPERO', 'LOQUATS,RAW'),
(285, 4, 'PAPAYA', 'PAPAYAS,RAW'),
(286, 4, 'PASAS RUBIAS', 'RAISINS,GOLDEN SEEDLESS'),
(287, 4, 'PASAS SIN SEMILLA', 'RAISINS,SEEDLESS'),
(288, 4, 'PATASMUYO O PATASMUYO', 'CACAU, CRU'),
(289, 4, 'PEPINO DULCE', 'PEPINO DULCE'),
(290, 4, 'PERA', 'PEARS,RAW'),
(291, 4, 'PIÑA', 'PINEAPPLE,RAW,ALL VAR'),
(292, 4, 'PIÑA EN ALMIBAR (CONSERVA)', 'PINEAPPLE,CND,HVY SYRUP PK,SOL&LIQUIDS'),
(293, 4, 'POMAROSA', 'ROSE-APPLES,RAW'),
(294, 4, 'SANDIA', 'WATERMELON,RAW'),
(295, 4, 'TAMARINDO', 'TAMARINDS,RAW'),
(296, 4, 'TOMATE DE ÁRBOL', 'TOMATE DE ÁRBOL'),
(297, 4, 'TORONJA', 'GRAPEFRUIT,RAW,WHITE,ALL AREAS'),
(298, 4, 'TUNA', 'PRICKLY PEARS,RAW'),
(299, 4, 'UVA', 'GRAPEFRUIT,RAW,PINK&RED&WHITE,ALL AREAS'),
(300, 4, 'UVA VERDE', 'GRAPEFRUIT,RAW,WHITE,ALL AREAS'),
(301, 4, 'UVILLA', 'GOOSEBERRIES,RAW'),
(302, 4, 'ZAPOTE /MAMEY', 'SAPOTE,MAMEY,RAW'),
(303, 5, 'CLARA DE HUEVO', 'EGG,WHITE,RAW,FRESH'),
(304, 5, 'HUEVO DE CAMPO', 'EGG,WHL,RAW,FRSH'),
(305, 5, 'HUEVO DE CODORNIZ', 'EGG,QUAIL,WHOLE,FRESH,RAW'),
(306, 5, 'HUEVO ENTERO FRESCO', 'EGG,WHL,RAW,FRSH'),
(307, 5, 'YEMA DE HUEVO', 'EGG,YOLK,RAW,FRSH'),
(308, 6, 'ALBACORA', 'SWORDFISH,RAW'),
(309, 6, 'ALMEJAS', 'CLAM,MIXED SPECIES,RAW'),
(310, 6, 'ATÚN  ENLATADO EN AGUA SIN SAL', 'TUNA,LT,CND IN H2O,WO/SALT,DRND SOL'),
(311, 6, 'ATÚN ENLATADO EN ACEITE', 'TUNA,LT,CND IN OIL,DRND SOL'),
(312, 6, 'ATÚN ENLATADO EN AGUA', 'FISH,TUNA,LT,CND IN H2O,DRND SOL'),
(313, 6, 'BACALAO SECO Y SALADO', 'COD,ATLANTIC,DRIED&SALTED'),
(314, 6, 'BAGRE', 'CATFISH,CHANNEL,WILD,RAW'),
(315, 6, 'BANDERON', 'SWORDFISH,RAW'),
(316, 6, 'BONITO', 'TUNA,FRESH,BLUEFIN,RAW'),
(317, 6, 'CALAMAR', 'SQUID,MIXED SPECIES,RAW'),
(318, 6, 'CAMARON', 'CRUSTACEANS,SHRIMP,UNTREATED,RAW'),
(319, 6, 'CAMARON COCIDO', 'CRUSTACEANS,SHRIMP,UNTREATED,CKD'),
(320, 6, 'CANGREJO', 'CRAB,QUEEN,RAW'),
(321, 6, 'CANGREJO ENLATADO', 'CRAB,BLUE,CANNED'),
(322, 6, 'CARACOLES (CHUROS)', 'SNAIL,RAW'),
(323, 6, 'CORVINA', 'CROAKER,ATLANTIC,RAW'),
(324, 6, 'LANGOSTA', 'LOBSTER,NORTHERN,RAW'),
(325, 6, 'LANGOSTINO', 'CRAYFISH,MXD SP,FARMED,RAW'),
(326, 6, 'LENGUADO', 'FLATFISH (FLOUNDER&SOLE SP),RAW'),
(327, 6, 'OSTIONES', 'OYSTER,PACIFIC,RAW'),
(328, 6, 'PAMPANITO', 'POMPANO,FLORIDA,RAW'),
(329, 6, 'PARGO', 'SNAPPER,MIXED SPECIES,RAW'),
(330, 6, 'PESCADO (HUEVOS)', 'ROE,MIXED SPECIES,RAW'),
(331, 6, 'PESCADO DORADO', 'SWORDFISH,RAW'),
(332, 6, 'PESCADO MERO', 'GROUPER,MIXED SPECIES,RAW'),
(333, 6, 'PESCADO SIERRA', 'MACKEREL,PACIFIC&JACK,MXD SP,RAW'),
(334, 6, 'PESCADO TOYO', 'SHARK,MIXED SPECIES,RAW'),
(335, 6, 'PICUDO', 'TUNA,FRESH,BLUEFIN,RAW'),
(336, 6, 'PULPO', 'OCTOPUS,COMMON,RAW'),
(337, 6, 'RÓBALO', 'RÓBALO, PESCADO FRESCO'),
(338, 6, 'SALMÓN', 'SALMON,SOCKEYE,RAW'),
(339, 6, 'SARDINAS CON HUESO ENLATADAS EN ACEITE', 'SARDINE,ATLANTIC,CND IN OIL,DRND SOL W/BONE'),
(340, 6, 'SARDINAS CON HUESO ENLATADAS EN TOMATE', 'SARDINE,PACIFIC,CND IN TOMATO SAU,DRND SOL W/BONE'),
(341, 6, 'TILAPIA', 'FISH,TILAPIA,RAW'),
(342, 6, 'TRUCHA', 'TROUT,MIXED SPECIES,RAW'),
(343, 7, 'AGUJA DE RES', 'BEEF,CHUCK FOR STEW,LN & FAT,SEL,RAW'),
(344, 7, 'BIFE CHORIZO', '	BEEF,COMP OF RTL CUTS,LN&FAT,1/8"FAT,SEL,RAW	'),
(345, 7, 'BISTEC DE RES', '	BEEF,COMP OF RTL CUTS,LN&FAT,1/8"FAT,SEL,RAW	'),
(346, 7, 'BORREGO (CORAZÓN)', 'LAMB,VAR MEATS&BY-PRODUCTS,HEART,RAW'),
(347, 7, 'BORREGO (PIERNA)', '	LAMB,DOM,LEG,WHL (SHK&SIRL),LN&FAT,1/4"FAT,CHOIC,RAW	'),
(348, 7, 'BORREGO (RIÑÓN)', 'LAMB,VAR MEATS&BY-PRODUCTS,KIDNEYS,RAW'),
(349, 7, 'CABEZA COCIDA DE CARNERO', 'CABEZA COCIDA DE CARNERO'),
(350, 7, 'CANE DE RES (FALDA)', '	BEEF,FLANK,STEAK,LN & FAT,0" FAT,SEL,RAW	'),
(351, 7, 'CARNE DE CARNERO', '	LAMB,DOM,LOIN,LN&FAT,1/4"FAT,CHOIC,RAW	'),
(352, 7, 'CARNE DE CARNERO (MAGRA CON HUESO)', 'LAMB,NZ,IMP,FRZ,RIB,LN,RAW'),
(353, 7, 'CARNE DE CARNERO (MAGRA SIN HUESO)', '	LAMB,AUS,IMP,FRSH,LEG,SIRLOIN HALF,BNLESS,LN,1/8"FAT,RAW	'),
(354, 7, 'CARNE DE CERDO (COSTILLA)', 'PORK,FRSH,SPARERIBS,LN&FAT,RAW'),
(355, 7, 'CARNE DE CERDO (LOMO, ESPALDILLA Y COSTILLA)', 'PORK,FRSH,COMP (LEG,LOIN,SHLDR,&SPARERIBS),LN&FAT,RAW'),
(356, 7, 'CARNE DE CERDO (PIERNA O LOMO SIN GRASA)', 'PORK,FRSH,SHLDR,ARM PICNIC,LN,RAW'),
(357, 7, 'CARNE DE CERDO (SEMIGRASOSA)', 'PORK,FRSH,COMP (LEG,LOIN,SHLDR,&SPARERIBS),LN&FAT,RAW'),
(358, 7, 'CARNE DE RES (ALTA EN GRASA CON HUESO)', '	BEEF,RIB,WHL (RIBS 6-12),LN&FAT,1/8"FAT,SEL,RAW	'),
(359, 7, 'CARNE DE RES (ALTA EN GRASA SIN HUESO)', 'CARNE DE RES GRASOSA SIN HUESO'),
(360, 7, 'CARNE DE RES (COSTILLAS)', '	BEEF,RIB,LRG END (RIBS 6-9),LN&FAT,1/8"FAT,SEL,RAW	'),
(361, 7, 'CARNE DE RES (FILETE)', '	BEEF,COMP OF RTL CUTS,LN&FAT,1/8"FAT,SEL,RAW	'),
(362, 7, 'CARNE DE RES (MAGRA)', '	BEEF,CHUCK EYE RST,BNLESS,AMERICA´S BF RST,LN,0" FAT,SEL,RAW	'),
(363, 7, 'CARNE DE RES (MOLIDA ESPECIAL)', 'BEEF,GROUND,85% LN MEAT / 15% FAT,RAW'),
(364, 7, 'CARNE DE RES (MOLIDA REGULAR)', 'BEEF,GROUND,75% LN MEAT / 25% FAT,RAW'),
(365, 7, 'CARNE DE RES (SECA Y CURADA)', 'BEEF,CURED,DRIED'),
(366, 7, 'CARNE DE RES (T- BONE)', '	BEEF,SHRT LOIN,T-BONE STEAK,LN&FAT,1/8"FAT,SEL,RAW	'),
(367, 7, 'CARNE DE RES SEMIGRASOSA', '	BEEF,COMP OF RTL CUTS,LN&FAT,1/8"FAT,SEL,RAW	'),
(368, 7, 'CARNERO (HÍGADO)', 'LAMB,VAR MEATS&BY-PRODUCTS,LIVER,RAW'),
(369, 7, 'CARNERO (PATAS COCIDAS)', 'PATAS COCIDAS DE CARNERO'),
(370, 7, 'CECINA DE CERDO', 'PORK,FRSH,COMP OF RTL CUTS (LEG,LOIN,SHLDR),LN,RAW'),
(371, 7, 'CECINA DE RES (SECA Y CURADA)', 'BEEF,CURED,DRIED'),
(372, 7, 'CERDO (CHULETA)', 'PORK,FRSH,COMP (LEG,LOIN,SHLDR,&SPARERIBS),LN&FAT,RAW'),
(373, 7, 'CERDO (ESPALDILLA)', 'PORK,FRSH,SHLDR,WHL,LN&FAT,RAW'),
(374, 7, 'CERDO (ESTÓMAGO)', 'PORK,FRSH,BELLY,RAW'),
(375, 7, 'CERDO (HÍGADO)', 'PORK,FRSH,VAR MEATS&BY-PRODUCTS,LIVER,RAW'),
(376, 7, 'CERDO (PATAS)', 'PORK,FRSH,VAR MEATS&BY-PRODUCTS,FEET,RAW'),
(377, 7, 'CERDO (PULMÓN)', 'PORK,FRSH,VAR MEATS&BY-PRODUCTS,LUNGS,RAW'),
(378, 7, 'CERDO (RIÑONES)', 'PORK,FRSH,VAR MEATS&BY-PRODUCTS,KIDNEYS,RAW'),
(379, 7, 'CERDO (VÍSCERAS)', 'PORK,FRSH,VAR MEATS&BY-PRODUCTS,CHITTERLINGS,RAW'),
(380, 7, 'CHONTACURO (MAYÓN)', 'GUSANO MAGUEY'),
(381, 7, 'CHORIZO', 'CHORIZO,PORK AND BEEF'),
(382, 7, 'CONEJO', 'GAME MEAT,RABBIT,DOMESTICATED,COMP OF CUTS,RAW'),
(383, 7, 'GANSO', 'GOOSE,DOMESTICATED,MEAT&SKN,RAW'),
(384, 7, 'JAMÓN DE CERDO', 'PORK,CURED,HAM,WHL,LN&FAT,UNHTD'),
(385, 7, 'JAMON DE PAVO', 'LOUIS RICH,TURKEY HAM (10% H2O)'),
(386, 7, 'JAMÓN DE PAVO', 'LOUIS RICH,TURKEY HAM (10% H2O)'),
(387, 7, 'JAMONADA', 'PORK,CURED,HAM,WHL,LN&FAT,UNHTD'),
(388, 7, 'LIEBRE', 'LIEBRE'),
(389, 7, 'LONGANIZA', 'SAUSAGE,ITALIAN,PORK,RAW'),
(390, 7, 'MENUDO DE RES (ESTOMAGO E INTESTINOS)', 'BEEF,VAR MEATS&BY-PRODUCTS,TRIPE,RAW'),
(391, 7, 'MORCILLA (TODAS LAS MARCAS Y CASERA)', 'BLOOD SAUSAGE'),
(392, 7, 'MORTADELA', 'MORTADELLA,BEEF,PORK'),
(393, 7, 'MORTADELA BOLOGÑA', 'BOLOGNA,PORK'),
(394, 7, 'OSOBUCO', '	BEEF,SHANK CROSSCUTS,LN,1/4"FAT,CHOIC,RAW	'),
(395, 7, 'PALOMA', 'SQUAB,(PIGEON),MEAT&SKN,RAW'),
(396, 7, 'PATÉ DE HÍGADO', 'PATE,LIVER,NOT SPECIFIED,CND'),
(397, 7, 'PATO', 'DUCK,DOMESTICATED,MEAT&SKN,RAW'),
(398, 7, 'PAVO', 'TURKEY,WHL,MEAT & SKN,RAW'),
(399, 7, 'PEPPERONI', 'PEPPERONI,PORK,BEEF'),
(400, 7, 'POLLO', 'CHICKEN,BROILERS OR FRYERS,MEAT & SKN,RAW'),
(401, 7, 'POLLO (ALAS)', 'CHICKEN,BROILERS OR FRYERS,WING,MEAT&SKN,RAW'),
(402, 7, 'POLLO (CORAZÓN)', 'CHICKEN,HEART,ALL CLASSES,RAW'),
(403, 7, 'POLLO (HÍGADO)', 'CHICKEN,LIVER,ALL CLASSES,RAW'),
(404, 7, 'POLLO (HÍGADO)', 'CHICKEN,LIVER,ALL CLASSES,RAW'),
(405, 7, 'POLLO (MUSLOS)', 'CHICKEN,BROILERS OR FRYERS,THIGH,MEAT&SKN,RAW'),
(406, 7, 'POLLO (PECHUGA CON PIEL)', 'CHICKEN,BROILERS OR FRYERS,BREAST,MEAT&SKN,RAW'),
(407, 7, 'POLLO (PIERNA CON PIEL)', 'CHICKEN,BROILERS OR FRYERS,LEG,MEAT&SKN,RAW'),
(408, 7, 'POLLO (PULMÓN)', 'BEEF,VAR MEATS&BY-PRODUCTS,LUNGS,RAW'),
(409, 7, 'QUESO DE PUERCO', 'HEADCHEESE,PORK'),
(410, 7, 'RES (CORAZÓN)', 'BEEF,VAR MEATS&BY-PRODUCTS,HEART,RAW'),
(411, 7, 'RES (HÍGADO)', 'BEEF,VAR MEATS&BY-PRODUCTS,LIVER,RAW'),
(412, 7, 'RES (LENGUA)', 'BEEF,VAR MEATS&BY-PRODUCTS,TONGUE,RAW'),
(413, 7, 'RES (PATA)', 'PATA DE RES'),
(414, 7, 'RES (PESCUEZO)', '	BEEF,CHUCK,CLOD RST,LN,1/4" FAT,ALL GRDS,RAW	'),
(415, 7, 'RES (RIÑONES)', 'BEEF,VAR MEATS&BY-PRODUCTS,KIDNEYS,RAW'),
(416, 7, 'RES (SESOS)', 'BEEF,VAR MEATS&BY-PRODUCTS,BRAIN,RAW'),
(417, 7, 'RES (TRIPAS)', 'BEEF,VAR MEATS&BY-PRODUCTS,TRIPE,RAW'),
(418, 7, 'RES (UBRES)', 'UBRE DE RES'),
(419, 7, 'RIB STEAK', '	BEEF,RIB,WHL (RIBS 6-12),LN&FAT,1/8"FAT,SEL,RAW	'),
(420, 7, 'RIBEYE STEAK', '	BEEF,RIB EYE STEAK,BNLESS,LIP OFF,LN & FAT,0" FAT,SEL,RAW	'),
(421, 7, 'SALAMI', 'SALAMI,CKD,BF&PORK'),
(422, 7, 'SALCHICHA', 'FRANKFURTER  MEAT'),
(423, 7, 'SALCHICHA DE PAVO', 'FRANKFURTER,TURKEY'),
(424, 7, 'SALCHICHA DE POLLO', 'FRANKFURTER,CHICK'),
(425, 7, 'SALCHICHAS DE POLLO O RES BAJA EN GRASA', 'FRANKFURTER,MEAT & POULTRY,LO FAT'),
(426, 7, 'SALMÓN AHUMADO', 'SALMON,CHINOOK,SMOKED'),
(427, 7, 'TERNERA', 'VEAL,COMP OF RTL CUTS,LN&FAT,RAW'),
(428, 7, 'TOCINO', 'PORK,CURED,BACON,UNPREP'),
(429, 7, 'TOFU', 'TOFU,RAW,REG,PREP W/CA SULFATE'),
(430, 8, 'AVENA CON LECHE (NESTLE)', ''),
(431, 8, 'AVENA FINESSE ALPINA', ''),
(432, 8, 'CREMA AGRIA', 'CREMA 40 % GRASA (AGRIA)'),
(433, 8, 'CREMA DE LECHE', 'CREAM,FLUID,HVY WHIPPING'),
(434, 8, 'LECHE 1% GRASA CON VIT A Y D', 'MILK,LOWFAT,FLUID,1% MILKFAT,W/ ADDED VIT A & VITAMIN D'),
(435, 8, 'LECHE 2% GRASA CON VIT A Y D', 'MILK,RED FAT,FLUID,2% MILKFAT,W/ ADDED VIT A & VITAMIN D'),
(436, 8, 'LECHE CON CHOCOLATE', 'MILK,CHOC,FLUID,COMM,WHL,W/ ADDED VIT A & VITAMIN D'),
(437, 8, 'LECHE CONDENSADA', 'MILK,CND,COND,SWTND'),
(438, 8, 'LECHE DE CABRA', 'MILK,GOAT,FLUID,W/ ADDED VITAMIN D'),
(439, 8, 'LECHE DESCREMADA', 'MILK,NONFAT,FLUID,WO/ ADDED VIT A & VIT D (FAT FREE OR SKIM)'),
(440, 8, 'LECHE EN POLVO', 'MILK,DRY,WHL,W/ ADDED VITAMIN D'),
(441, 8, 'LECHE ENTERA', 'MILK,WHL,3.25% MILKFAT,WO/ ADDED VIT A & VITAMIN D'),
(442, 8, 'LECHE EVAPORADA', 'MILK,CND,EVAP,W/ ADDED VITAMIN D & WO/ ADDED VIT A'),
(443, 8, 'LECHE MATERNA', 'MILK,HUMAN,MATURE,FLUID'),
(444, 8, 'QUESO AZUL', 'CHEESE,BLUE'),
(445, 8, 'QUESO BRIE', 'CHEESE,BRIE'),
(446, 8, 'QUESO CAMEMBERT', 'CHEESE,CAMEMBERT'),
(447, 8, 'QUESO CHEDDAR', 'CHEESE,CHEDDAR'),
(448, 8, 'QUESO COTTAGE', 'CHEESE,COTTAGE,CRMD,LRG OR SML CURD'),
(449, 8, 'QUESO COTTAGE BAJO EN GRASA', 'CHEESE,COTTAGE,LOWFAT,1% MILKFAT'),
(450, 8, 'QUESO CREMA', 'CHEESE,CREAM'),
(451, 8, 'QUESO FRESCO', 'CHEESE,FRSH,QUESO FRESCO'),
(452, 8, 'QUESO FRESCO LIGHT', 'CHEESE,PAST PROCESS,AMERICAN,LOFAT'),
(453, 8, 'QUESO GOUDA', 'CHEESE,GOUDA'),
(454, 8, 'QUESO HOLANDÉS', 'CHEESE,EDAM'),
(455, 8, 'QUESO MANCHEGO', 'CHEESE,MONTEREY'),
(456, 8, 'QUESO MOZARELLA', 'CHEESE,MOZZARELLA,WHL MILK'),
(457, 8, 'QUESO MOZARELLA BAJO EN GRASA', 'CHEESE,MOZZARELLA,PART SKIM MILK'),
(458, 8, 'QUESO PARMESANO', 'CHEESE,PARMESAN,HARD'),
(459, 8, 'QUESO RICOTTA', 'CHEESE,RICOTTA,WHOLE MILK'),
(460, 8, 'QUESO RICOTTA BAJO EN GRASA', 'CHEESE,RICOTTA,PART SKIM MILK'),
(461, 8, 'QUESO ROQUEFORT', 'CHEESE,ROQUEFORT'),
(462, 8, 'QUESO SUIZO', 'CHEESE,SWISS'),
(463, 8, 'QUESO TIERNO', 'CHEESE,FRSH,QUESO FRESCO'),
(464, 8, 'YOGURT DE FRUTA', 'YOGURT,FRUIT,LOFAT,9 GRAMS PROT PER 8 OZ'),
(465, 8, 'YOGURT NATURAL', 'YOGURT,PLN,WHL MILK,8 GRAMS PROT PER 8 OZ'),
(466, 8, 'YOGURT NATURAL (BAJO EN GRASA)', 'YOGURT,PLN,LOFAT,12 GRAMS PROT PER 8 OZ'),
(467, 8, 'YOGURT NATURAL DESCREMADO', 'YOGURT,PLN,SKIM MILK,13 GRAMS PROT PER 8 OZ'),
(468, 9, 'ACEITE DE AGUACATE', 'OIL,AVOCADO'),
(469, 9, 'ACEITE DE AJONJOLI', 'OIL,SESAME,SALAD OR COOKING'),
(470, 9, 'ACEITE DE CANOLA', 'OIL,CANOLA'),
(471, 9, 'ACEITE DE COCO', 'OIL,COCNT'),
(472, 9, 'ACEITE DE GIRASOL', 'OIL,SUNFLOWER,LINOLEIC (LESS THAN 60%)'),
(473, 9, 'ACEITE DE MAÍZ', 'OIL,CORN,INDUSTRIAL & RTL,ALLPURP SALAD OR COOKING'),
(474, 9, 'ACEITE DE OLIVA', 'OIL,OLIVE,SALAD OR COOKING'),
(475, 9, 'ACEITE DE PALMA', 'OIL,PALM'),
(476, 9, 'ACEITE DE SOYA', 'OIL,SOYBN,SALAD OR COOKING'),
(477, 9, 'MANTECA DE CERDO', 'LARD'),
(478, 9, 'MANTEQUILLA CON SAL', 'BUTTER,WITH SALT'),
(479, 9, 'MANTEQUILLA BAJA EN GRASA', 'BUTTER,LT,STK,W/SALT'),
(480, 9, 'MANTEQUILLA SIN SAL', 'BUTTER,WITHOUT SALT'),
(481, 9, 'MARGARINA BAJA EN GRASA', 'MARGARINE SPRD,APPROX 48% FAT,TUB'),
(482, 9, 'MARGARINA', 'MARGARINE,REG,80% FAT,COMP,TUB,W/ SALT'),
(483, 10, 'ACHIOTE', 'ACHIOTE'),
(484, 10, 'CANELA', 'CINNAMON,GROUND'),
(485, 10, 'CILANTRO', 'CORIANDER SEED'),
(486, 10, 'CLAVO DE OLOR', 'CLOVES,GROUND'),
(487, 10, 'COMINO', 'CUMIN SEED'),
(488, 10, 'CURRY EN POLVO', 'CURRY POWDER'),
(489, 10, 'ENELDO', 'DILL WEED,DRIED'),
(490, 10, 'GENJIBRE', 'GINGER,GROUND'),
(491, 10, 'HINOJO SEMILLA', 'FENNEL SEED'),
(492, 10, 'NUEZ MOSCADA', 'NUTMEG,GROUND'),
(493, 10, 'ORÉGANO', 'SPICES,OREGANO,DRIED'),
(494, 10, 'PAPRIKA', 'PAPRIKA'),
(495, 10, 'PIMIENTA', 'PEPPER,BLACK'),
(496, 10, 'SAL', 'SALT,TABLE'),
(497, 10, 'SEMILLA DE MOSTAZA', 'SPICES,MUSTARD SD,GROUND'),
(498, 11, 'ADEREZO PARA ENSALADA RANCH REGULAR', 'SALAD DRSNG,RANCH DRSNG,COMM,REG'),
(499, 11, 'ADEREZO PARA ENSALADA THOUSAND ISLAND', 'SALAD DRSNG,1000 ISLAND,COMM,REG'),
(500, 11, 'ADEREZO PARA ENSALADA VINAGRETA BALSÁMICA', 'VINEGAR,BALSAMIC'),
(501, 11, 'ADEREZO PARA ENSALADA VINAGRETA ITALIANA REGULAR', 'SALAD DRSNG,ITALIAN DRSNG,COMM,REG'),
(502, 11, 'BOCADITOS DE CHICHARRON', 'PORK SKINS,PLAIN'),
(503, 11, 'BOCADITOS DE MAÍZ  TIPO DORITOS, RISKOS, ETC', 'CORN-BASED,EXTRUDED,CHIPS,PLN'),
(504, 11, 'BOCADITOS DE MAÍZ SABOR A QUESO', 'CORN-BASED,EXTRUDED,PUFFS OR TWISTS,CHEESE-FLAVOR'),
(505, 11, 'CAFÉ INSTANTÁNEO CON AZÚCAR Y SABOR CAPUCCINO EN POLVO', 'COFFEE,INST,W/SUGAR,CAPPUCCINO-FLAVOR PDR'),
(506, 11, 'CAFÉ INSTANTÁNEO DESCAFEINADO EN POLVO', 'COFFEE,INST,DECAFFEINATED,PDR'),
(507, 11, 'CAFÉ INSTANTANEO REGULAR EN POLVO', 'COFFEE,INST,REG,PDR'),
(508, 11, 'CHIFLES DE SAL TIPO TORTOLINES, BANCHIS, ETC', 'SNACKS,PLANTAIN CHIPS,SALTED'),
(509, 11, 'COMPOTA DE VERDURAS TIPO GERBER', 'BABYFOOD,DINNER,VEG&DUMPLINGS&BF,STR'),
(510, 11, 'COMPOTA FRUTAS MIXTAS TIPO GERBER', 'BABYFOOD,FRUIT,PEARS&PNAPPL,STR'),
(511, 11, 'CREMA PARA CAFÉ COFFE MATTE Y OTRAS MARCAS', ''),
(512, 11, 'ENSURE LIQUIDO', 'ENSURE PLUS,LIQ NUTR'),
(513, 11, 'EXTRACTO DE VAINILLA', 'VANILLA EXTRACT'),
(514, 11, 'HABAS FRITAS SALADAS', ''),
(515, 11, 'LEVADURA', 'LEAVENING AGENTS,YEAST,BAKER''S,ACTIVE DRY'),
(516, 11, 'MACARRONES CON QUESO', 'MACARONI & CHS,BOX MIX W/ CHS SAU,UNPREP'),
(517, 11, 'MAYONESA', 'SALAD DRSNG,MAYO,REG'),
(518, 11, 'MAYONESA LIGHT KRAFT', 'SALAD DRSNG,KRAFT MAYO LT MAYO'),
(519, 11, 'MIX KIWA', ''),
(520, 11, 'MOSTAZA', 'MUSTARD,PREPARED,YELLOW'),
(521, 11, 'PAPAS FRITAS EN FUNDA', 'POTATO CHIPS,PLAIN,SALTED'),
(522, 11, 'PASTA DE TOMATE', 'TOMATO PRODUCTS,CND,PASTE,WO/ SALT ADDED'),
(523, 11, 'PEDIASURE LIQUIDO', 'CHILD FORMULA,ABBOTT NUTR,PEDIASURE,RTF (FORMERLY ROSS)'),
(524, 11, 'PIZZA CONGELADA', 'PIZZA,MEAT & VEG TOPPING,REG CRUST,FRZ,CKD'),
(525, 11, 'POLVO DE HORNEAR', 'LEAVENING AGENTS,BAKING PDR,DOUBLE-ACTING,NA AL SULFATE'),
(526, 11, 'PRETZELS', 'PRETZELS,HARD,PLN,SALTED'),
(527, 11, 'SALSA BBQ', 'SAUCE,BARBECUE'),
(528, 11, 'SALSA DE AJÍ', 'SAUCE,RTS,PEPPER OR HOT'),
(529, 11, 'SALSA DE SOYA', 'SOY SAU MADE FROM SOY&WHEAT (SHOYU)'),
(530, 11, 'SALSA DE TOMATE', 'CATSUP'),
(531, 11, 'SALSA INGLESA', 'SAUCE,WORCESTERSHIRE'),
(532, 11, 'SNACK SHULLO', ''),
(533, 11, 'SOPA DE SOBRE EN POLVO', 'SOUP,CRM OF VEG,DRY,PDR'),
(534, 11, 'VINAGRE', 'VINEGAR,CIDER'),
(535, 11, 'YUCAS FRITAS EN FUNDA', 'SNACKS,YUCCA (CASSAVA) CHIPS,SALTED'),
(536, 12, 'AZÚCAR BLANCA', 'SUGARS,GRANULATED'),
(537, 12, 'AZÚCAR MORENA', 'SUGARS,BROWN'),
(538, 12, 'CARAMELO/ CHUPETE/ GOMITA', 'CANDIES,CARAMELS'),
(539, 12, 'CHOCOLATE EN BARRA', 'CANDIES,MILK CHOC'),
(540, 12, 'COCOA EN POLVO', 'COCOA MIX,PDR'),
(541, 12, 'DULCE DE LECHE', 'CAJETA'),
(542, 12, 'FLAN', 'FLAN,CARAMEL CUSTARD,DRY MIX,PREP W/ WHL MILK'),
(543, 12, 'FRUCTOSA LÍQUIDA (EDULCORANTE)', 'SWEETENERS,TABLETOP,FRUCTOSE,LIQ'),
(544, 12, 'GELATINA EN POLVO', 'GELATIN DSSRT,DRY MIX'),
(545, 12, 'GELATINA PREPARADA', 'GELATIN DSSRT,DRY MIX,PREP W/ H2O'),
(546, 12, 'HELADO DE VAINILLA', 'ICE CREAMS,REG,LO CARBOHYDRATE,VANILLA'),
(547, 12, 'JARABE DE MAPLE', 'SYRUPS,MAPLE'),
(548, 12, 'MELAZA', 'MOLASSES'),
(549, 12, 'MERMELADA', 'JELLIES'),
(550, 12, 'MERMELADA BAJA EN AZÚCAR', 'JELLIES,RED SUGAR,HOME PRESERVED'),
(551, 12, 'MIEL DE ABEJA', 'HONEY'),
(552, 12, 'MIEL DE CAÑA', 'SYRUP,CANE'),
(553, 12, 'MIEL DE MAÍZ', 'SYRUPS,CORN,DK'),
(554, 12, 'PANELA', 'PILONCILLO'),
(555, 12, 'PIE DE MANZANA PROMEDIO', 'PIE,APPL,PREP FROM RECIPE'),
(556, 12, 'ROLLOS DE CANELA TIPO CINNABON', 'SWEET ROLLS,CINN,REFR DOUGH W/FRSTNG,BKD'),
(557, 12, 'SUCRALOSA (EDULCORANTE)', 'SWEETENERS,TABLETOP,SUCRALOSE,SPLENDA PACKETS'),
(558, 12, 'SUSPIROS', ''),
(559, 13, 'AGUA AROMÁTICA SIN AZÚCAR', 'TEA,HERB,OTHER THAN CHAMOMILE,BREWED'),
(560, 13, 'AGUA EMBOTELLADA', 'WATER,BTLD,POLAND SPRING'),
(561, 13, 'AVENA CON FRUTA (NESTLE)', ''),
(562, 13, 'BEBIDA DE MALTA', 'MALT BEV,INCL NON-ALCOHOLIC BEER'),
(563, 13, 'BEBIDA ENERGIZANTE RED BULL', 'ENGY DRK,RED BULL,W/ ADD CAFFEINE,NIACIN,PANTO,VIT B6 & B12'),
(564, 13, 'BEBIDA ENERGIZANTE RED BULL SIN AZUCAR', 'ENG DRK,RED BULL,SGR FR,W/ADD CAFF,NIACIN,PANTO,VIT B6 & B12'),
(565, 13, 'CAFÉ PASADO/ TOSTADO Y MOLIDO', 'COFFEE,BREWED,ESPRESSO,REST-PREP'),
(566, 13, 'CERVEZA LIGHT PROMEDIO', 'ALCOHOLIC BEV,BEER,LT'),
(567, 13, 'CERVEZA PROMEDIO', 'ALCOHOLIC BEV,BEER,REG,ALL'),
(568, 13, 'GASEOSA NEGRA (TODAS LAS MARCAS)', 'CARBONATED BEV,COLA,CONTAINS CAFFEINE'),
(569, 13, 'GASEOSA NEGRA CON ASPARTAME (TODAS LAS MARCAS)', 'CARB BEV,LO CAL,COLA OR PEP,W/ ASPRT, CAF'),
(570, 13, 'GASEOSA SABOR FRESA O MANZANA', 'CARBONATED BEV,ORANGE'),
(571, 13, 'GASEOSA SABOR LIMÓN', 'CARBONATED BEV,LEMON-LIME SODA,CONTAINS CAFFEINE'),
(572, 13, 'GASEOSA SABOR LIMÓN CON ASPARTAME', 'CARB BEV,LO CAL,OTHR THN COLA OR PEPPER,W/ ASPRT,CONTNS CAFF'),
(573, 13, 'GASEOSA SABOR NARANJA', 'CARBONATED BEV,ORANGE'),
(574, 13, 'GASEOSA SABOR UVA', 'CARBONATED BEV,GRAPE SODA'),
(575, 13, 'GATORADE', 'SPORTS DRK,PEPSICO QUAKER GATORADE,ORIGINAL,FRUIT-FLAVD,RTD'),
(576, 13, 'GIN', 'ALCOHOLIC BEV,DISTILLED,GIN,90 PROOF'),
(577, 13, 'JUGO EN POLVO SABOR FRESA (TODAS LAS MARCAS)', 'STRAWBERRY-FLAVOR BEV MIX,PDR'),
(578, 13, 'JUGO EN POLVO SIN CALORIAS', 'FRUIT-FLAVORED DRK,DRY PDR MIX,LO CAL,W/ ASPRT'),
(579, 13, 'JUGO HUESITO + CALCIO', ''),
(580, 13, 'JUGO LIGHT TETRAPAK NATURA (TODOS LOS SABORES)', ''),
(581, 13, 'JUGOS TETRAPAK (NATURA TODOS LOS SABORES)', ''),
(582, 13, 'NECTAR DE FRUTAS TETRAPAK (NATURA)', ''),
(583, 13, 'PENCO (JUGO CHAGUARMISHQUI)', 'PULQUE'),
(584, 13, 'PIÑA COLADA', 'ALCOHOLIC BEV,PINA COLADA,CND'),
(585, 13, 'POWERADE', 'SPORTS DRK,COCA-COLA,POWERADE,LEMON-LIME FLAV,RTD'),
(586, 13, 'RON', 'ALCOHOLIC BEV,DISTILLED,RUM,80 PROOF'),
(587, 13, 'TE HELADO (NESTEA)', 'TEA,RTD,NESTLE,COOL NESTEA ICE TEA LEMON FLAVOR'),
(588, 13, 'TE HELADO EN POLVO', 'TEA,INST,SWTND W/SUGAR,LEMN-FLAV,WO/ VIT C,PDR,DECAFFEINATED'),
(589, 13, 'TEQUILA SUNRISE', 'ALCOHOLIC BEV,TEQUILA SUNRISE,CND'),
(590, 13, 'VINO BLANCO', 'ALCOHOLIC BEV,WINE,TABLE,WHITE'),
(591, 13, 'VINO ROJO', 'ALCOHOLIC BEV,WINE,TABLE,RED'),
(592, 13, 'VODKA', 'ALCOHOLIC BEV,DISTILLED,VODKA,80 PROOF'),
(593, 13, 'WHISKEY', 'ALCOHOLIC BEV,DISTILLED,WHISKEY,86 PROOF'),
(594, 14, '1/4 POLLO ASADO CON PAPAS FRITAS (PROMEDIO)', '1/4 POLLO ASADO CON PAPAS FRITAS (PROMEDIO)'),
(595, 14, 'ALIÑO  (PROMEDIO)', 'ALIÑO  (PROMEDIO)'),
(596, 14, 'AREPAS DE ZAPALLO (PROMEDIO)', 'AREPAS DE ZAPALLO (PROMEDIO)'),
(597, 14, 'ARROPE DE MORA (PROMEDIO)', 'ARROPE DE MORA (PROMEDIO)'),
(598, 14, 'ARROZ CON HUEVO FRITO  (PROMEDIO)', 'ARROZ CON HUEVO FRITO  (PROMEDIO)'),
(599, 14, 'ARROZ CON LECHE (PROMEDIO)', 'ARROZ CON LECHE (PROMEDIO)'),
(600, 14, 'ARROZ RELLENO CON PESCADO  (PROMEDIO)', 'ARROZ RELLENO CON PESCADO  (PROMEDIO)'),
(601, 14, 'ARROZ RELLENO CON POLLO  (PROMEDIO)', 'ARROZ RELLENO CON POLLO  (PROMEDIO)'),
(602, 14, 'BALA DE VERDE (PROMEDIO)', 'BALA DE VERDE (PROMEDIO)'),
(603, 14, 'BISTEC DE HÍGADO  (PROMEDIO)', 'BISTEC DE HÍGADO  (PROMEDIO)'),
(604, 14, 'BOLLO DE CARNE  (PROMEDIO)', 'BOLLO DE CARNE  (PROMEDIO)'),
(605, 14, 'BOLLO DE CUERO DE CERDO  (PROMEDIO)', 'BOLLO DE CUERO DE CERDO  (PROMEDIO)'),
(606, 14, 'BOLLO DE MANÍ  (PROMEDIO)', 'BOLLO DE MANÍ  (PROMEDIO)'),
(607, 14, 'BOLLO DE PESCADO  (PROMEDIO)', 'BOLLO DE PESCADO  (PROMEDIO)'),
(608, 14, 'BOLÓN DE CHICHARRÓN Y QUESO  (PROMEDIO)', 'BOLÓN DE CHICHARRÓN Y QUESO  (PROMEDIO)'),
(609, 14, 'BOLÓN DE VERDE CON CARNE DE CERDO  (PROMEDIO)', 'BOLÓN DE VERDE CON CARNE DE CERDO  (PROMEDIO)'),
(610, 14, 'CALDO DE 31  (PROMEDIO)', 'CALDO DE 31  (PROMEDIO)'),
(611, 14, 'CALDO DE BAGRE  (PROMEDIO)', 'CALDO DE BAGRE  (PROMEDIO)'),
(612, 14, 'CALDO DE GALLINA CON PAPA  (PROMEDIO)', 'CALDO DE GALLINA CON PAPA  (PROMEDIO)'),
(613, 14, 'CALDO DE GALLINA CON YUCA  (PROMEDIO)', 'CALDO DE GALLINA CON YUCA  (PROMEDIO)'),
(614, 14, 'CALDO DE HABAS VERDES CON CHANCHO  (PROMEDIO)', 'CALDO DE HABAS VERDES CON CHANCHO  (PROMEDIO)'),
(615, 14, 'CALDO DE MANGUERA  (PROMEDIO)', 'CALDO DE MANGUERA  (PROMEDIO)'),
(616, 14, 'CALDO DE MORCILLA  (PROMEDIO)', 'CALDO DE MORCILLA  (PROMEDIO)'),
(617, 14, 'CALDO DE PATA  (PROMEDIO)', 'CALDO DE PATA  (PROMEDIO)'),
(618, 14, 'CARNES ASADAS DE SAN JOAQUÍN  (PROMEDIO)', 'CARNES ASADAS DE SAN JOAQUÍN  (PROMEDIO)'),
(619, 14, 'CARNES COLORADAS  (PROMEDIO)', 'CARNES COLORADAS  (PROMEDIO)'),
(620, 14, 'CAZUELA DE PESCADO  (PROMEDIO)', 'CAZUELA DE PESCADO  (PROMEDIO)'),
(621, 14, 'CEBICHE DE CAMARÓN  (PROMEDIO)', 'CEBICHE DE CAMARÓN  (PROMEDIO)'),
(622, 14, 'CEBICHE DE CHOCHOS  (PROMEDIO)', 'CEBICHE DE CHOCHOS  (PROMEDIO)'),
(623, 14, 'CEBICHE DE CONCHA  (PROMEDIO)', 'CEBICHE DE CONCHA  (PROMEDIO)'),
(624, 14, 'CEBICHE DE PESCADO  (PROMEDIO)', 'CEBICHE DE PESCADO  (PROMEDIO)'),
(625, 14, 'CHAMPÚS  (PROMEDIO)', 'CHAMPÚS  (PROMEDIO)'),
(626, 14, 'CHAULAFÁN  (PROMEDIO)', 'CHAULAFÁN  (PROMEDIO)'),
(627, 14, 'CHICHA DE CHONTA  (PROMEDIO)', 'CHICHA DE CHONTA  (PROMEDIO)'),
(628, 14, 'CHICHA DE MÁCHICA  (PROMEDIO)', 'CHICHA DE MÁCHICA  (PROMEDIO)'),
(629, 14, 'CHICHA DE YUCA  (PROMEDIO)', 'CHICHA DE YUCA  (PROMEDIO)'),
(630, 14, 'CHIFLES DE DULCE (PROMEDIO)', 'CHIFLES DE DULCE (PROMEDIO)'),
(631, 14, 'CHIFLES DE SAL  (PROMEDIO)', 'CHIFLES DE SAL  (PROMEDIO)'),
(632, 14, 'CHOCLO CON QUESO  (PROMEDIO)', 'CHOCLO CON QUESO  (PROMEDIO)'),
(633, 14, 'CHUCULA  (PROMEDIO)', 'CHUCULA  (PROMEDIO)'),
(634, 14, 'CHURRASCO  (PROMEDIO)', 'CHURRASCO  (PROMEDIO)'),
(635, 14, 'COCADA  (PROMEDIO)', 'COCADA  (PROMEDIO)'),
(636, 14, 'COLADA DE ARVEJA  (PROMEDIO)', 'COLADA DE ARVEJA  (PROMEDIO)'),
(637, 14, 'COLADA DE SAMBO  (PROMEDIO)', 'COLADA DE SAMBO  (PROMEDIO)'),
(638, 14, 'COLADA DE UVILLA  (PROMEDIO)', 'COLADA DE UVILLA  (PROMEDIO)'),
(639, 14, 'COLADA DE YAGUANA  (PROMEDIO)', 'COLADA DE YAGUANA  (PROMEDIO)'),
(640, 14, 'COLADA MORADA  (PROMEDIO)', 'COLADA MORADA  (PROMEDIO)'),
(641, 14, 'CONEJO ASADO  (PROMEDIO)', 'CONEJO ASADO  (PROMEDIO)'),
(642, 14, 'CORVICHE  (PROMEDIO)', 'CORVICHE  (PROMEDIO)'),
(643, 14, 'CUCHICHAQUI  (PROMEDIO)', 'CUCHICHAQUI  (PROMEDIO)'),
(644, 14, 'CUY ASADO  (PROMEDIO)', 'CUY ASADO  (PROMEDIO)'),
(645, 14, 'DULCE DE GUINEO  (PROMEDIO)', 'DULCE DE GUINEO  (PROMEDIO)'),
(646, 14, 'EMBORRAJADOS  (PROMEDIO)', 'EMBORRAJADOS  (PROMEDIO)'),
(647, 14, 'EMPANADA DE CAMARÓN  (PROMEDIO)', 'EMPANADA DE CAMARÓN  (PROMEDIO)'),
(648, 14, 'EMPANADA DE CARNE  (PROMEDIO)', 'EMPANADA DE CARNE  (PROMEDIO)'),
(649, 14, 'EMPANADA DE POLLO  (PROMEDIO)', 'EMPANADA DE POLLO  (PROMEDIO)'),
(650, 14, 'EMPANADAS DE MOROCHO  (PROMEDIO)', 'EMPANADAS DE MOROCHO  (PROMEDIO)'),
(651, 14, 'EMPANADAS DE VERDE  (PROMEDIO)', 'EMPANADAS DE VERDE  (PROMEDIO)'),
(652, 14, 'ENCEBOLLADO DE PESCADO  (PROMEDIO)', 'ENCEBOLLADO DE PESCADO  (PROMEDIO)'),
(653, 14, 'ENCOCADO DE PESCADO (PROMEDIO)', 'ENCOCADO DE PESCADO (PROMEDIO)'),
(654, 14, 'ENSALADA DE FRUTAS  (PROMEDIO)', 'ENSALADA DE FRUTAS  (PROMEDIO)'),
(655, 14, 'ENSALADA DE MELLOCO  (PROMEDIO)', 'ENSALADA DE MELLOCO  (PROMEDIO)'),
(656, 14, 'ENSUMACADO DE MARISCOS  (PROMEDIO)', 'ENSUMACADO DE MARISCOS  (PROMEDIO)'),
(657, 14, 'ESTOFADO DE PESCADO  (PROMEDIO)', 'ESTOFADO DE PESCADO  (PROMEDIO)'),
(658, 14, 'FRITADA  (PROMEDIO)', 'FRITADA  (PROMEDIO)'),
(659, 14, 'GUATITA  (PROMEDIO)', 'GUATITA  (PROMEDIO)'),
(660, 14, 'HELADO DE PAILA DE MORA  (PROMEDIO)', 'HELADO DE PAILA DE MORA  (PROMEDIO)'),
(661, 14, 'HIGOS CON QUESO  (PROMEDIO)', 'HIGOS CON QUESO  (PROMEDIO)'),
(662, 14, 'HORNADO (PROMEDIO)', 'HORNADO (PROMEDIO)'),
(663, 14, 'HUMITA DE DULCE  (PROMEDIO)', 'HUMITA DE DULCE  (PROMEDIO)'),
(664, 14, 'HUMITA DE SAL  (PROMEDIO)', 'HUMITA DE SAL  (PROMEDIO)'),
(665, 14, 'LIBRILLO  (PROMEDIO)', 'LIBRILLO  (PROMEDIO)'),
(666, 14, 'LLAPINGACHOS CON CHORIZO  (PROMEDIO)', 'LLAPINGACHOS CON CHORIZO  (PROMEDIO)'),
(667, 14, 'LOCRO DE PAPA  (PROMEDIO)', 'LOCRO DE PAPA  (PROMEDIO)'),
(668, 14, 'MADURO CON QUESO  (PROMEDIO)', 'MADURO CON QUESO  (PROMEDIO)'),
(669, 14, 'MAITO  (PROMEDIO)', 'MAITO  (PROMEDIO)'),
(670, 14, 'MAZAMORRA  (PROMEDIO)', 'MAZAMORRA  (PROMEDIO)'),
(671, 14, 'MENUDO DE CERDO  (PROMEDIO)', 'MENUDO DE CERDO  (PROMEDIO)'),
(672, 14, 'MOROCHO  (PROMEDIO)', 'MOROCHO  (PROMEDIO)'),
(673, 14, 'MOTE CASADO  (PROMEDIO)', 'MOTE CASADO  (PROMEDIO)'),
(674, 14, 'MOTE PILLO  (PROMEDIO)', 'MOTE PILLO  (PROMEDIO)'),
(675, 14, 'MOTE SUCIO  (PROMEDIO)', 'MOTE SUCIO  (PROMEDIO)'),
(676, 14, 'PAPAS CON CUERO  (PROMEDIO)', 'PAPAS CON CUERO  (PROMEDIO)'),
(677, 14, 'PAPAS LOCAS  (PROMEDIO)', 'PAPAS LOCAS  (PROMEDIO)'),
(678, 14, 'PASTEL DE CHOCOLATE  (PROMEDIO)', 'PASTEL DE CHOCOLATE  (PROMEDIO)'),
(679, 14, 'PASTEL DE MAQUEÑO  (PROMEDIO)', 'PASTEL DE MAQUEÑO  (PROMEDIO)'),
(680, 14, 'PASTEL DE ZANAHORIA  (PROMEDIO)', 'PASTEL DE ZANAHORIA  (PROMEDIO)'),
(681, 14, 'PESCADO FRITO  (PROMEDIO)', 'PESCADO FRITO  (PROMEDIO)'),
(682, 14, 'PINCHO  (PROMEDIO)', 'PINCHO  (PROMEDIO)'),
(683, 14, 'PINCHO DE CHONTACURO  (PROMEDIO)', 'PINCHO DE CHONTACURO  (PROMEDIO)'),
(684, 14, 'PLÁTANO ASADO CON QUESO  (PROMEDIO)', 'PLÁTANO ASADO CON QUESO  (PROMEDIO)'),
(685, 14, 'PUCHERO  (PROMEDIO)', 'PUCHERO  (PROMEDIO)'),
(686, 14, 'QUIMBOLITO  (PROMEDIO)', 'QUIMBOLITO  (PROMEDIO)'),
(687, 14, 'REFRESCO DE AVENA  (PROMEDIO)', 'REFRESCO DE AVENA  (PROMEDIO)'),
(688, 14, 'SALCHIPAPAS  (PROMEDIO)', 'SALCHIPAPAS  (PROMEDIO)'),
(689, 14, 'SANCOCHO DE PESCADO  (PROMEDIO)', 'SANCOCHO DE PESCADO  (PROMEDIO)'),
(690, 14, 'SANGO DE CAMARÓN  (PROMEDIO)', 'SANGO DE CAMARÓN  (PROMEDIO)'),
(691, 14, 'SECO DE CARNE  (PROMEDIO)', 'SECO DE CARNE  (PROMEDIO)'),
(692, 14, 'SECO DE CHIVO  (PROMEDIO)', 'SECO DE CHIVO  (PROMEDIO)'),
(693, 14, 'SECO DE GALLINA CRIOLLA (PROMEDIO)', 'SECO DE GALLINA CRIOLLA (PROMEDIO)'),
(694, 14, 'SECO DE POLLO  (PROMEDIO)', 'SECO DE POLLO  (PROMEDIO)'),
(695, 14, 'SOPA DE ARROZ CON QUESO  (PROMEDIO)', 'SOPA DE ARROZ CON QUESO  (PROMEDIO)'),
(696, 14, 'SOPA DE BOLAS DE VERDE  (PROMEDIO)', 'SOPA DE BOLAS DE VERDE  (PROMEDIO)'),
(697, 14, 'SOPA DE FIDEO CON PAPAS Y QUESO  (PROMEDIO)', 'SOPA DE FIDEO CON PAPAS Y QUESO  (PROMEDIO)'),
(698, 14, 'SOPA DE MOROCHO  (PROMEDIO)', 'SOPA DE MOROCHO  (PROMEDIO)'),
(699, 14, 'SOPA DE QUINOA CON HUESO DE CHANCHO  (PROMEDIO)', 'SOPA DE QUINOA CON HUESO DE CHANCHO  (PROMEDIO)'),
(700, 14, 'SOPA TIMBUSHCA  (PROMEDIO)', 'SOPA TIMBUSHCA  (PROMEDIO)'),
(701, 14, 'TALLARÍN DE POLLO  (PROMEDIO)', 'TALLARÍN DE POLLO  (PROMEDIO)'),
(702, 14, 'TAMAL DE CERDO  (PROMEDIO)', 'TAMAL DE CERDO  (PROMEDIO)'),
(703, 14, 'TAMAL DE POLLO  (PROMEDIO)', 'TAMAL DE POLLO  (PROMEDIO)'),
(704, 14, 'TAPAO ARRECHO  (PROMEDIO)', 'TAPAO ARRECHO  (PROMEDIO)'),
(705, 14, 'TAPAO DE PESCADO  (PROMEDIO)', 'TAPAO DE PESCADO  (PROMEDIO)'),
(706, 14, 'TORTA DE FRUTA DEL PAN  (PROMEDIO)', 'TORTA DE FRUTA DEL PAN  (PROMEDIO)'),
(707, 14, 'TORTILLA DE PAPA  (PROMEDIO)', 'TORTILLA DE PAPA  (PROMEDIO)'),
(708, 14, 'TORTILLAS DE MAÍZ DE TIESTO  (PROMEDIO)', 'TORTILLAS DE MAÍZ DE TIESTO  (PROMEDIO)'),
(709, 14, 'TOSTADO Y HABAS CALPU  (PROMEDIO)', 'TOSTADO Y HABAS CALPU  (PROMEDIO)'),
(710, 14, 'TRIPA MISHQUI  (PROMEDIO)', 'TRIPA MISHQUI  (PROMEDIO)'),
(711, 14, 'VICHE DE CAMARÓN  (PROMEDIO)', 'VICHE DE CAMARÓN  (PROMEDIO)'),
(712, 14, 'VICHE DE MONDONGO  (PROMEDIO)', 'VICHE DE MONDONGO  (PROMEDIO)'),
(713, 14, 'VICHE DE PESCADO  (PROMEDIO)', 'VICHE DE PESCADO  (PROMEDIO)'),
(714, 14, 'YAHUARLOCRO  (PROMEDIO)', 'YAHUARLOCRO  (PROMEDIO)'),
(715, 15, 'BURGER KING HAMBURGUESA DE QUESO', 'BURGER KING, CHSBRGR'),
(716, 15, 'BURGER KING HAMBURGUESA PROMEDIO', 'BURGER KING,HAMBURGER'),
(717, 15, 'BURGER KING NUGGETS DE POLLO', 'BURGER KING,CHICK STRIPS'),
(718, 15, 'BURGER KING PAPAS FRITAS', 'BURGER KING,FRENCH FR'),
(719, 15, 'BURGER KING SANDUCHE DE PESCADO ORIGINAL', 'BURGER KING,ORIGINAL CHICK SNDWCH'),
(720, 15, 'BURGER KING SANDUCHE DE PESCADO PREMIUM', 'BURGER KING,PREMIUM FISH SNDWCH'),
(721, 15, 'BURGER KING WHOPPER  SIN QUESO', 'BURGER KING,WHOPPER,NO CHS'),
(722, 15, 'BURGER KING WHOPPER CON QUESO', 'BURGER KING,WHOPPER,W/ CHS'),
(723, 15, 'BURGER KING WHOPPER DOBLE CON QUESO', 'BURGER KING,DOUBLE WHOPPER,W/ CHS'),
(724, 15, 'BURGER KING WHOPPER DOBLE SIN QUESO', 'BURGER KING,DOUBLE WHOPPER,NO CHS'),
(725, 15, 'HAMBURGUESA', 'FT FDS, HAMBRGER; SIN, LRG PATTY; W/ CONDMNTS, VEG, MAYO'),
(726, 15, 'HAMBURGUESA DOBLE', 'FAST FOODS,HAMBURGER; DOUBLE,LRG PATY; W/ CONDMNT,VEG & MAYO'),
(727, 15, 'HOT DOG PROMEDIO', 'FAST FOODS,HOTDOG,PLAIN'),
(728, 15, 'KFC ALA CRISPY', 'KENTUCKY FRIED CHICK CRISPY,WING,MEAT & SKN W/ BREADING'),
(729, 15, 'KFC ALA ORIGINAL', 'KENTUCKY FRIED CHICK ORG RECIPE,WING,MEAT & SKN W/ BRDING'),
(730, 15, 'KFC BBQ HOT WINGS', 'KENTUCKY FRIED CHICK CRISPY,WING,MEAT & SKN W/ BREADING'),
(731, 15, 'KFC ENSALADA CESAR CON POLLO', 'MCDONALD''S,CAESAR SALAD W/ CRISPY CHICK'),
(732, 15, 'KFC ENSALADA DE COL', 'KENTUCKY FRIED CHICK,COLESLAW'),
(733, 15, 'KFC HAMBURGUESA DE POLLO', 'BURGER KING,ORIGINAL CHICK SNDWCH'),
(734, 15, 'KFC HOT WINGS', 'KENTUCKY FRIED CHICK CRISPY,WING,MEAT & SKN W/ BREADING'),
(735, 15, 'KFC MUSLO CRISPY', 'KENTUCKY FRIED CHICK CRISPY,THIGH,MEAT & SKN W/ BREADING'),
(736, 15, 'KFC MUSLO ORIGINAL', 'KENTUCKY FRIED CHICK,ORG RECIPE,THIGH,MEAT & SKN W/ BRDING'),
(737, 15, 'KFC PAPAS FRITAS', 'KENTUCKY FRIED CHICK,POTATO WEDGES,ANALYZED PRIOR 2007'),
(738, 15, 'KFC PECHUGA CRISPY', 'KENTUCKY FRIED CHICK CRISPY,BREAST,MEAT & SKN W/ BRDING'),
(739, 15, 'KFC PECHUGA ORIGINAL', 'KENTUCKY FRIED CHICK ORIG RECIPE,BREAST,MEAT & SKN W/ BRDING'),
(740, 15, 'KFC PIERNA CRISPY', 'KENTUCKY FRIED CHICK CRISPY,DRUMSTK,MEAT & SKN W/ BRDING'),
(741, 15, 'KFC PIERNA ORIGINAL', 'KENTUCKY FRIED CHICK ORG RECIPE,DRUMSTK,MEAT & SKN W/ BRDING'),
(742, 15, 'KFC POP CORN INDIVIDUAL', 'KENTUCKY FRIED CHICK,POPCORN CHICK'),
(743, 15, 'MCDONALD''S BIG MAC', 'MCDONALD''S,BIG MAC'),
(744, 15, 'MCDONALD''S CUARTO DE LIBRA', 'MCDONALD''S,QUARTER POUNDER'),
(745, 15, 'MCDONALD''S CUARTO DE LIBRA CON QUESO', 'MCDONALD''S,QUARTER POUNDER W/ CHS'),
(746, 15, 'MCDONALD''S HAMBURGUESA CON QUESO', 'MCDONALD''S, CHEESEBURGER'),
(747, 15, 'MCDONALD''S HAMBURGUESA PROMEDIO', 'MCDONALD''S,HAMBURGER'),
(748, 15, 'MCDONALDS MCFLURRY CON GALLETAS OREO', 'MCDONALD''S,MCFLURRY W/ OREO COOKIES'),
(749, 15, 'MCDONALD''S PAPAS FRITAS', 'MCDONALD''S,FRENCH FR'),
(750, 15, 'NUGGETS DE POLLO', 'CHICKEN NUGGETS,FRZ,CKD'),
(751, 15, 'PIZZA  PEPPERONI, SALCHICHA, CHAMPIÑONES, CARNE RES, CARNE CERDO, PIMIENTO,  PROMEDIO', '	FAST FD,PIZZA CHAIN,14" PIZZA,MEAT & VEG TOPPING,REG CRUST	'),
(752, 15, 'PIZZA DE QUESO', '	FAST FD,PIZZA CHAIN,14" PIZZA,CHS TOPPING,REG CRUST	'),
(753, 15, 'PIZZA PEPPERONI', '	FAST FD,PIZZA CHAIN,14" PIZZA,PEPPERONI TOPPING,REG CRUST	'),
(754, 15, 'PIZZA PEPPERONI Y CHAMPIÑONES PROMEDIO', '	FAST FD,PIZZA CHAIN,14" PIZZA,PEPPERONI TOPPING,REG CRUST	'),
(755, 15, 'SUBWAY ATÚN EN PAN BLANCO CON LECHUGA Y TOMATE', 'SUBWAY,TUNA SUB ON WHITE BREAD,W/ LETTUCE & TOMATO'),
(756, 15, 'SUBWAY JAMÓN PAN BLANCO CON TOMATE Y LECHUGA', 'SUBWAY,COLD CUT SUB ON WHITE BREAD,W/ LETTUCE & TOMATO'),
(757, 15, 'SUBWAY ROAST BEEF PAN BLANCO CON TOMATE Y LECHUGA', 'SUBWAY,RST BF SUB ON WHITE BREAD,W/ LETTUCE & TOMATO'),
(758, 15, 'TACO BELL BURRITO DE CARNE', 'TACO BELL,BURRITO SUPREME W/ BF'),
(759, 15, 'TACO BELL BURRITO DE FRIJOLES', 'TACO BELL,BEAN BURRITO'),
(760, 15, 'TACO BELL NACHOS', 'TACO BELL,NACHOS'),
(761, 15, 'TACO BELL TACO ORIGINAL', 'TACO BELL,ORIGINAL TACO W/ BF,CHS & LETTUCE'),
(762, 15, 'TACO BELL BURRITO DE POLLO', 'TACO BELL,BURRITO SUPREME W/ CHICK');

--
-- Volcado de datos para la tabla `auth_assignment`
--

INSERT INTO `auth_assignment` (`item_name`, `user_id`, `created_at`) VALUES
('institucion', '3', 1438965392),
('sysadmin', '1', NULL),
('sysadmin', '2', 1438918974);

--
-- Volcado de datos para la tabla `auth_item`
--

INSERT INTO `auth_item` (`name`, `type`, `description`, `rule_name`, `data`, `created_at`, `updated_at`) VALUES
('/*', 2, NULL, NULL, NULL, NULL, NULL),
('/admin/*', 2, NULL, NULL, NULL, NULL, NULL),
('/settings/*', 2, NULL, NULL, NULL, 1436137414, 1436137414),
('actualizar_compania', 2, 'Permite actualizar una compania', NULL, NULL, 1436110497, 1436113259),
('actualizar_compania_propia', 2, 'Permite actualizar la compania unicamente al usuario que creo la compania', 'Actualizar_propia_compania', NULL, 1436113347, 1436117532),
('crear_compania', 2, 'Permite crear una compania', NULL, NULL, 1436110471, 1436110471),
('gastronomo', 1, 'Aquella persona encargada del area de alimentacion, platillos, menus, alimentos', NULL, NULL, 1438917143, 1438917143),
('institucion', 1, 'Responsable de la institucion, podrá ingresar infantes, ', NULL, NULL, 1436110396, 1438917261),
('nutricion', 1, 'Aquella entidad o persona que esta encargada del area nutricional infantil en el centro o institución\r\nPermitira Gestionar datos antropometricos, medidas y reportes de estos', NULL, NULL, 1438916919, 1438916919),
('permission_admin', 2, 'Permisos para agregar, cambiar, modificar permisos, roles', NULL, NULL, NULL, NULL),
('supervisor', 1, 'Aquella entidad o persona que supervisara a la institucion en el area de nutricion, salud y alimentacion', NULL, NULL, 1438916981, 1438916981),
('sysadmin', 1, 'Puede hacer cualquier cosa en el sistema', NULL, NULL, NULL, 1438918949);

--
-- Volcado de datos para la tabla `auth_item_child`
--

INSERT INTO `auth_item_child` (`parent`, `child`) VALUES
('sysadmin', '/*'),
('sysadmin', '/admin/*'),
('institucion', '/settings/*'),
('institucion', 'actualizar_compania_propia'),
('sysadmin', 'crear_compania'),
('sysadmin', 'gastronomo'),
('sysadmin', 'institucion'),
('sysadmin', 'nutricion'),
('sysadmin', 'permission_admin'),
('sysadmin', 'supervisor');

--
-- Volcado de datos para la tabla `auth_rule`
--

INSERT INTO `auth_rule` (`name`, `data`, `created_at`, `updated_at`) VALUES
('Actualizar_propia_compania', 'O:52:"backend\\modules\\rbac\\reglas\\ActualizarPropiaCompania":3:{s:4:"name";s:26:"Actualizar_propia_compania";s:9:"createdAt";i:1436113236;s:9:"updatedAt";i:1436113236;}', 1436113236, 1436113236);

--
-- Volcado de datos para la tabla `categoria`
--

INSERT INTO `categoria` (`categoria_id`, `categoria_nombre`, `categoria_descripcion`) VALUES
(1, 'CEREALES Y DERIVADOS', 'CEREALES Y DERIVADOS'),
(2, 'LEGUMINOSAS Y OLEAGINOSAS', 'LEGUMINOSAS Y OLEAGINOSAS'),
(3, 'VERDURAS, HORTALIZAS Y DERIVADOS', 'VERDURAS, HORTALIZAS Y DERIVADOS'),
(4, 'FRUTAS Y DERIVADOS', 'FRUTAS Y DERIVADOS'),
(5, 'HUEVOS Y DERIVADOS', 'HUEVOS Y DERIVADOS'),
(6, 'PESCADOS Y MARISCOS', 'PESCADOS Y MARISCOS'),
(7, 'CARNES Y DERIVADOS', 'CARNES Y DERIVADOS'),
(8, 'LECHE Y DERIVADOS', 'LECHE Y DERIVADOS'),
(9, 'GRASAS Y ACEITES', 'GRASAS Y ACEITES'),
(10, 'ESPECIES', 'ESPECIES'),
(11, 'ALIMENTOS INDUSTRIALIZADOS Y MISCELANEOS', 'ALIMENTOS INDUSTRIALIZADOS Y MISCELANEOS'),
(12, 'AZUCARES Y POSTRES', 'AZUCARES Y POSTRES'),
(13, 'BEBIDAS ALCOHÓLICAS Y NO ALCOHÓLICAS', 'BEBIDAS ALCOHÓLICAS Y NO ALCOHÓLICAS'),
(14, 'ALIMENTOS PREPARADOS (RECETAS ESTANDARIZADAS)', 'ALIMENTOS PREPARADOS (RECETAS ESTANDARIZADAS)'),
(15, 'PREPARACIONES DE CADENAS NACIONALES Y MULTINACIONALES', 'PREPARACIONES DE CADENAS NACIONALES Y MULTINACIONALES');

--
-- Volcado de datos para la tabla `cibv`
--

INSERT INTO `cibv` (`cen_inf_id`, `cen_inf_nombre`, `cen_inf_direccion`, `cen_inf_telefono`, `cen_inf_correo`, `cen_inf_activo`) VALUES
(1, 'nuevo cibv', 'nose ', '0999', 'nose@nose.com', 'SI');

--
-- Volcado de datos para la tabla `composicion_nutricional`
--

INSERT INTO `composicion_nutricional` (`com_nut_id`, `alimento_id`, `energia_kcal`, `proteinas_g`, `grasa_total_g`, `carbohidratos_g`, `fibra_dietetica_g`, `calcio_mg`, `fosforo_mg`, `hierro_mg`, `tiamina_mg`, `riboflavina_mg`, `niacina_mg`, `vitamina_c_mg`, `vitamina_a_equiv_retinol_mcg`, `acidos_grasos_monoinsaturados_g`, `acidos_grasos_poliinsaturados_g`, `acidos_grasos_saturados_g`, `colesterol_mg`, `potasio_mg`, `sodio_mg`, `zinc_mg`, `magnesio_mg`, `vitamina_b6_mg`, `vitamina_b12_mcg`, `folato_mcg`) VALUES
(1, 1, '371.00', '13.56', '7.02', '65.25', '6.70', '159.00', '557.00', '7.61', '0.12', '0.20', '0.92', '4.20', '0.00', '1.69', '2.78', '1.46', '0.00', '508.00', '4.00', '2.87', '248.00', '0.59', '0.00', '82.00'),
(2, 2, '380.00', '7.82', '0.94', '82.32', '1.90', '22.00', '118.00', '6.30', '0.93', '0.03', '7.01', '0.00', '0.00', '0.14', '0.22', '0.15', '0.00', '27.00', '10.00', '1.43', '14.00', '0.12', '0.00', '275.00'),
(3, 3, '358.00', '6.50', '0.52', '79.15', '1.30', '28.00', '115.00', '0.80', '0.07', '0.05', '1.60', '0.00', '0.00', '0.21', '0.18', '0.18', '0.00', '115.00', '5.00', '1.09', '25.00', '0.16', '0.00', '8.00'),
(4, 4, '130.00', '2.36', '0.19', '28.73', '0.40', '10.00', '43.00', '0.20', '0.02', '0.01', '0.40', '0.00', '0.00', '0.09', '0.08', '0.08', '0.00', '35.00', '1.00', '0.49', '12.00', '0.09', '0.00', '3.00'),
(5, 5, '365.00', '7.13', '0.66', '79.95', '1.80', '71.00', '153.00', '0.74', '0.22', '0.05', '5.05', '0.00', '0.00', '0.26', '0.32', '0.29', '0.00', '174.00', '2.00', '1.02', '27.00', '0.45', '0.00', '8.00'),
(6, 6, '130.00', '2.69', '0.28', '28.17', '0.90', '19.00', '55.00', '0.24', '0.07', '0.02', '2.31', '0.00', '0.00', '0.07', '0.09', '0.07', '0.00', '56.00', '2.00', '0.37', '9.00', '0.16', '0.00', '3.00'),
(7, 7, '374.00', '7.51', '1.03', '80.89', '0.00', '9.00', '108.00', '0.80', '0.07', '0.05', '1.60', '0.00', '0.00', '0.18', '0.16', '0.16', '0.00', '86.00', '1.00', '1.16', '35.00', '0.15', '0.00', '9.00'),
(8, 8, '123.00', '2.91', '0.37', '26.05', '0.00', '3.00', '37.00', '0.20', '0.02', '0.02', '0.40', '0.00', '0.00', '0.07', '0.06', '0.06', '0.00', '29.00', '0.00', '0.42', '13.00', '0.05', '0.00', '2.00'),
(9, 9, '360.00', '6.61', '0.58', '79.34', '0.00', '3.00', '95.00', '0.80', '0.07', '0.05', '1.60', '0.00', '0.00', '0.16', '0.14', '0.14', '0.00', '76.00', '1.00', '1.10', '23.00', '0.17', '0.00', '6.00'),
(10, 10, '130.00', '2.38', '0.21', '28.59', '0.00', '1.00', '33.00', '0.20', '0.02', '0.02', '0.40', '0.00', '0.00', '0.06', '0.05', '0.05', '0.00', '26.00', '0.00', '0.40', '8.00', '0.06', '0.00', '2.00'),
(11, 11, '370.00', '7.94', '2.92', '77.24', '3.50', '23.00', '333.00', '1.47', '0.40', '0.09', '5.09', '0.00', '0.00', '1.06', '1.04', '0.58', '0.00', '223.00', '7.00', '2.02', '143.00', '0.51', '0.00', '20.00'),
(12, 12, '111.00', '2.58', '0.90', '22.96', '1.80', '10.00', '83.00', '0.42', '0.10', '0.03', '1.53', '0.00', '0.00', '0.33', '0.32', '0.18', '0.00', '43.00', '5.00', '0.63', '43.00', '0.15', '0.00', '4.00'),
(13, 13, '362.00', '7.50', '2.68', '76.17', '3.40', '33.00', '264.00', '1.80', '0.41', '0.04', '4.31', '0.00', '0.00', '0.97', '0.96', '0.54', '0.00', '268.00', '4.00', '2.02', '143.00', '0.51', '0.00', '20.00'),
(14, 14, '112.00', '2.32', '0.83', '23.51', '1.80', '10.00', '77.00', '0.53', '0.10', '0.01', '1.33', '0.00', '0.00', '0.30', '0.30', '0.17', '0.00', '79.00', '1.00', '0.62', '44.00', '0.15', '0.00', '4.00'),
(15, 15, '389.00', '16.89', '6.90', '66.27', '3.90', '17.00', '136.00', '1.23', '0.28', '0.08', '3.31', '0.00', '0.00', '0.12', '0.43', '0.15', '0.00', '186.00', '1.00', '1.05', '47.00', '0.10', '0.00', '72.00'),
(16, 16, '371.00', '13.70', '6.87', '68.18', '10.60', '54.00', '523.00', '4.72', '0.76', '0.14', '0.96', '0.00', '0.00', '2.18', '2.54', '1.22', '0.00', '429.00', '2.00', '3.97', '177.00', '0.12', '0.00', '56.00'),
(17, 17, '387.00', '12.94', '4.54', '77.90', '9.40', '47.00', '458.00', '4.64', '0.54', '0.12', '0.82', '0.00', '0.00', '1.98', '2.30', '1.11', '0.00', '358.00', '3.00', '3.20', '270.00', '0.10', '0.00', '32.00'),
(18, 18, '431.00', '3.80', '12.80', '79.10', '17.30', '33.00', '264.00', '3.60', '0.65', '0.29', '4.60', '0.00', '0.00', '0.30', '1.11', '0.48', '0.00', '452.00', '12.00', '2.77', '133.00', '0.32', '0.00', '19.00'),
(19, 19, '354.00', '12.48', '2.30', '73.48', '15.60', '29.00', '221.00', '2.50', '0.19', '0.11', '4.60', '0.00', '0.00', '0.15', '0.56', '0.24', '0.00', '280.00', '9.00', '2.13', '79.00', '0.26', '0.00', '23.00'),
(20, 20, '352.00', '9.91', '1.16', '77.72', '11.80', '24.00', '225.00', '2.54', '0.29', '0.11', '1.73', '0.00', '0.00', '0.19', '0.70', '0.18', '0.00', '374.00', '2.00', '2.17', '63.00', '0.27', '0.00', '34.00'),
(21, 21, '338.00', '10.34', '1.63', '75.86', '15.10', '24.00', '332.00', '2.63', '0.32', '0.25', '4.27', '0.00', '0.00', '0.21', '0.77', '0.20', '0.00', '510.00', '2.00', '2.65', '110.00', '0.29', '0.00', '38.00'),
(22, 22, '385.00', '6.80', '1.90', '87.00', '13.20', '39.00', '842.00', '6.26', '1.88', '0.50', '6.81', '0.00', '0.00', '1.37', '6.01', '1.67', '0.00', '892.00', '12.00', '12.29', '239.00', '1.30', '0.00', '281.00'),
(23, 23, '389.00', '4.60', '1.30', '90.40', '7.30', '7.00', '272.00', '2.38', '0.25', '0.08', '1.90', '0.00', '0.00', '1.02', '1.76', '0.54', '0.00', '315.00', '5.00', '1.73', '93.00', '0.37', '0.00', '25.00'),
(24, 24, '314.00', '7.72', '2.72', '77.29', '3.10', '181.00', '61.00', '3.70', '0.19', '0.24', '0.68', '0.00', '0.00', '0.00', '0.00', '0.00', '0.00', '0.00', '0.00', '0.00', '0.00', '0.00', '0.00', '0.00'),
(25, 25, '372.00', '5.00', '3.30', '86.70', '10.10', '74.00', '320.00', '12.30', '0.12', '0.25', '8.70', '1.90', '0.00', '0.00', '0.00', '0.00', '0.00', '0.00', '0.00', '2.00', '0.00', '0.00', '0.00', '0.00'),
(26, 26, '421.00', '10.55', '11.62', '73.65', '10.70', '34.00', '357.00', '3.60', '0.50', '0.17', '4.96', '0.00', '0.00', '0.28', '1.17', '0.43', '0.00', '363.00', '2.00', '2.60', '137.00', '0.41', '0.00', '44.00'),
(27, 27, '369.00', '3.96', '1.68', '89.20', '2.70', '15.00', '108.00', '4.64', '0.79', '0.49', '5.90', '0.00', '0.00', '0.09', '0.41', '0.16', '0.00', '107.00', '2.00', '0.70', '22.00', '0.04', '0.00', '183.00'),
(28, 28, '318.00', '10.00', '2.00', '79.00', '0.90', '2.00', '13.00', '0.47', '0.00', '0.00', '0.00', '0.00', '0.00', '0.02', '0.03', '0.01', '0.00', '3.00', '9.00', '0.06', '3.00', '0.00', '0.00', '0.00'),
(29, 29, '389.00', '5.22', '2.90', '86.05', '7.30', '6.00', '241.00', '3.50', '0.39', '0.20', '3.60', '0.00', '0.00', '0.90', '0.00', '0.50', '0.00', '287.00', '35.00', '1.80', '127.00', '0.30', '0.00', '25.00'),
(30, 30, '340.00', '9.70', '4.90', '77.80', '7.30', '6.00', '241.00', '3.50', '0.39', '0.20', '3.60', '0.00', '0.00', '0.90', '0.00', '0.50', '0.00', '287.00', '35.00', '1.80', '127.00', '0.30', '0.00', '25.00'),
(31, 31, '357.00', '7.50', '0.40', '84.10', '7.30', '6.00', '241.00', '3.50', '0.39', '0.20', '3.60', '0.00', '0.00', '0.90', '0.00', '0.50', '0.00', '287.00', '35.00', '1.80', '127.00', '0.30', '0.00', '25.00'),
(32, 32, '378.00', '18.70', '1.70', '73.00', '7.30', '6.00', '241.00', '3.50', '0.39', '0.20', '3.60', '0.00', '0.00', '0.90', '0.00', '0.50', '0.00', '287.00', '35.00', '1.80', '127.00', '0.30', '0.00', '25.00'),
(33, 33, '108.00', '3.30', '1.30', '25.10', '2.80', '2.00', '103.00', '0.60', '0.22', '0.07', '1.60', '6.00', '0.00', '0.40', '0.00', '0.20', '0.00', '249.00', '17.00', '0.50', '32.00', '0.06', '0.00', '46.00'),
(34, 34, '86.00', '3.22', '1.18', '19.02', '2.70', '2.00', '89.00', '0.52', '0.20', '0.06', '1.70', '6.80', '0.00', '0.35', '0.56', '0.18', '0.00', '270.00', '15.00', '0.45', '37.00', '0.06', '0.00', '46.00'),
(35, 35, '138.00', '4.54', '2.07', '25.16', '5.20', '43.00', '83.00', '1.74', '0.07', '0.07', '2.20', '0.00', '2.00', '2.88', '4.48', '3.61', '5.00', '109.00', '206.00', '0.58', '35.00', '0.03', '0.01', '5.00'),
(36, 36, '384.00', '14.16', '4.44', '71.27', '14.50', '7.00', '358.00', '3.19', '0.10', '0.08', '2.31', '0.00', '0.00', '1.10', '1.90', '0.57', '0.00', '329.00', '8.00', '3.08', '144.00', '0.16', '0.00', '31.00'),
(37, 37, '109.00', '0.91', '0.20', '24.90', '7.00', '47.00', '457.00', '4.57', '0.36', '0.32', '1.52', '0.00', '0.00', '1.61', '3.29', '0.71', '0.00', '563.00', '5.00', '3.10', '197.00', '0.49', '0.00', '184.00'),
(38, 38, '364.00', '3.44', '0.56', '83.24', '42.80', '73.00', '1013.00', '10.57', '0.52', '0.58', '13.58', '0.00', '0.00', '0.64', '2.21', '0.63', '0.00', '1182.00', '2.00', '7.27', '611.00', '1.30', '0.00', '79.00'),
(39, 39, '364.00', '10.30', '1.00', '76.30', '6.30', '81.00', '314.00', '1.23', '0.09', '0.07', '1.50', '0.00', '0.00', '0.69', '1.42', '0.45', '0.00', '186.00', '45.00', '1.31', '72.00', '0.22', '0.00', '5.00'),
(40, 40, '130.00', '4.58', '0.63', '26.15', '5.20', '175.00', '314.00', '1.40', '0.11', '0.07', '1.50', '0.00', '0.00', '0.60', '0.00', '0.30', '0.00', '154.00', '161.00', '0.90', '65.00', '0.22', '0.00', '15.00'),
(41, 41, '372.00', '13.35', '1.57', '74.81', '0.00', '34.00', '508.00', '3.52', '0.42', '0.12', '6.74', '0.00', '0.00', '0.34', '0.98', '0.45', '0.00', '431.00', '2.00', '4.16', '144.00', '0.42', '0.00', '43.00'),
(42, 42, '124.00', '5.33', '0.54', '26.54', '1.90', '39.00', '98.00', '4.90', '1.00', '1.10', '13.50', '0.00', '0.00', '5.00', '1.10', '1.50', '0.00', '188.00', '284.00', '4.10', '26.00', '1.40', '0.00', '108.00'),
(43, 43, '348.00', '14.63', '1.40', '75.03', '17.50', '52.00', '479.00', '62.00', '5.20', '5.90', '69.00', '207.00', '776.00', '0.50', '1.10', '0.40', '0.00', '590.00', '715.00', '52.00', '191.00', '7.00', '20.70', '1379.00'),
(44, 44, '371.00', '13.04', '1.51', '74.67', '1.90', '130.00', '102.00', '14.70', '1.49', '2.27', '17.50', '49.00', '1216.00', '0.40', '0.23', '1.99', '0.00', '197.00', '424.00', '4.90', '38.00', '3.28', '6.92', '637.00'),
(45, 45, '484.00', '5.80', '23.20', '66.50', '9.20', '12.00', '79.00', '15.50', '1.29', '1.47', '17.20', '52.00', '498.00', '0.50', '1.00', '1.80', '0.00', '117.00', '458.00', '5.20', '35.00', '1.70', '5.20', '345.00'),
(46, 46, '481.00', '5.40', '22.60', '66.80', '10.20', '109.00', '392.00', '2.81', '0.41', '0.29', '2.31', '0.20', '0.00', '6.91', '2.73', '1.27', '2.00', '483.00', '50.00', '2.40', '121.00', '0.23', '0.17', '37.00'),
(47, 47, '502.00', '3.84', '23.24', '70.64', '9.00', '78.00', '456.00', '4.23', '0.74', '0.29', '2.14', '1.20', '0.00', '9.53', '9.22', '4.06', '0.00', '540.00', '25.00', '4.03', '175.00', '0.29', '0.00', '82.00'),
(48, 48, '450.00', '6.20', '18.10', '68.70', '7.30', '0.00', '243.00', '8.75', '0.91', '1.03', '12.15', '0.00', '164.00', '2.38', '1.32', '0.81', '0.00', '486.00', '231.00', '3.65', '78.00', '1.22', '3.65', '243.00'),
(49, 49, '421.00', '9.50', '8.85', '74.34', '3.30', '7.00', '102.00', '28.90', '1.34', '1.52', '17.90', '21.00', '481.00', '0.07', '0.20', '0.12', '0.00', '168.00', '729.00', '1.00', '39.00', '1.79', '5.40', '357.00'),
(50, 50, '476.00', '4.78', '21.50', '70.23', '1.10', '35.00', '74.00', '28.00', '1.69', '1.92', '22.60', '68.00', '726.00', '0.40', '0.80', '0.40', '0.00', '65.00', '709.00', '1.30', '13.00', '6.45', '19.40', '1290.00'),
(51, 51, '478.00', '5.10', '21.10', '67.90', '11.40', '43.00', '347.00', '12.33', '0.75', '1.08', '13.80', '0.00', '386.00', '0.34', '0.95', '0.48', '0.00', '596.00', '356.00', '3.39', '122.00', '1.84', '4.30', '201.00'),
(52, 52, '360.00', '23.15', '9.72', '51.80', '3.40', '22.00', '60.00', '6.20', '1.25', '1.50', '16.60', '20.00', '464.00', '1.00', '0.60', '0.30', '0.00', '102.00', '700.00', '0.30', '22.00', '1.70', '5.00', '333.00'),
(53, 53, '370.00', '4.30', '7.60', '72.80', '2.20', '3.00', '47.00', '26.70', '1.90', '1.73', '27.67', '24.20', '446.00', '0.27', '0.67', '0.45', '0.00', '76.00', '468.00', '0.15', '8.00', '3.57', '8.10', '382.00'),
(54, 54, '489.00', '14.85', '24.06', '53.25', '10.90', '11.00', '52.00', '5.60', '1.17', '1.33', '15.60', '19.00', '433.00', '0.20', '0.50', '0.40', '0.00', '148.00', '387.00', '4.70', '25.00', '1.60', '4.70', '313.00'),
(55, 55, '306.00', '8.60', '0.70', '77.40', '3.30', '35.00', '241.00', '4.01', '1.13', '0.43', '8.39', '0.00', '17.00', '1.25', '1.33', '1.18', '84.00', '244.00', '21.00', '1.92', '58.00', '0.22', '0.29', '230.00'),
(56, 56, '349.00', '10.88', '1.52', '75.43', '1.20', '12.00', '76.00', '1.47', '0.29', '0.14', '2.08', '0.00', '6.00', '0.58', '0.55', '0.42', '29.00', '38.00', '5.00', '0.65', '21.00', '0.05', '0.09', '84.00'),
(57, 57, '361.00', '6.93', '3.86', '76.85', '10.60', '58.00', '332.00', '2.13', '0.37', '0.20', '4.55', '0.00', '0.00', '0.18', '0.64', '0.23', '0.00', '376.00', '36.00', '2.76', '174.00', '0.32', '0.00', '48.00'),
(58, 58, '341.00', '9.10', '2.60', '72.10', '0.00', '30.00', '108.00', '1.04', '0.10', '0.10', '1.53', '0.00', '0.00', '0.07', '0.26', '0.09', '0.00', '58.00', '14.00', '1.08', '62.00', '0.10', '0.00', '12.00'),
(59, 59, '340.00', '13.21', '2.50', '71.97', '2.70', '15.00', '108.00', '1.20', '0.10', '0.04', '1.10', '0.00', '0.00', '0.10', '0.00', '0.20', '0.00', '107.00', '2.00', '0.70', '22.00', '0.04', '0.00', '18.00'),
(60, 60, '364.00', '10.33', '0.98', '76.31', '0.00', '40.00', '258.00', '3.63', '0.49', '0.14', '5.13', '0.00', '0.00', '0.20', '0.56', '0.26', '0.00', '215.00', '8.00', '2.37', '143.00', '0.22', '0.00', '57.00'),
(61, 61, '381.00', '0.26', '0.05', '91.27', '4.50', '15.00', '89.00', '1.06', '0.11', '0.05', '0.71', '0.00', '0.00', '0.08', '0.21', '0.10', '0.00', '44.00', '3.00', '0.81', '30.00', '0.08', '0.00', '5.00'),
(62, 62, '362.00', '8.10', '3.60', '76.90', '1.60', '18.00', '153.00', '0.70', '0.03', '0.02', '0.22', '0.00', '0.00', '0.18', '0.15', '0.15', '0.00', '30.00', '182.00', '0.74', '12.00', '0.02', '0.00', '3.00'),
(63, 63, '362.00', '8.10', '3.60', '76.90', '1.00', '4.00', '20.00', '0.14', '0.02', '0.00', '0.07', '0.00', '0.00', '0.03', '0.02', '0.02', '0.00', '4.00', '19.00', '0.25', '3.00', '0.01', '0.00', '3.00'),
(64, 64, '529.41', '5.88', '29.41', '52.94', '3.20', '21.00', '189.00', '3.30', '0.89', '0.40', '7.18', '0.00', '0.00', '0.17', '0.56', '0.28', '0.00', '223.00', '6.00', '1.41', '53.00', '0.14', '0.00', '237.00'),
(65, 65, '362.00', '8.10', '3.60', '76.90', '0.90', '20.00', '7.00', '1.58', '0.00', '0.00', '0.00', '0.00', '0.00', '0.01', '0.00', '0.01', '0.00', '11.00', '1.00', '0.12', '1.00', '0.01', '0.00', '4.00'),
(66, 66, '362.00', '8.10', '3.60', '76.90', '2.90', '21.00', '111.00', '5.13', '0.61', '0.33', '5.24', '0.00', '0.00', '2.25', '4.07', '2.00', '0.00', '159.00', '1021.00', '0.82', '25.00', '0.06', '0.09', '140.00'),
(67, 67, '500.00', '8.33', '25.00', '66.67', '3.10', '58.00', '134.00', '3.58', '0.14', '0.21', '2.18', '0.00', '5.00', '7.69', '1.04', '13.12', '0.00', '209.00', '302.00', '0.97', '58.00', '0.07', '0.00', '20.00'),
(68, 68, '265.00', '9.15', '3.19', '49.06', '2.50', '25.00', '108.00', '1.00', '0.06', '0.06', '0.47', '0.00', '0.00', '11.67', '2.37', '7.48', '0.00', '135.00', '315.00', '0.64', '31.00', '0.06', '0.01', '9.00'),
(69, 69, '293.00', '9.00', '4.00', '54.40', '3.20', '24.00', '103.00', '4.90', '0.12', '0.17', '1.85', '0.00', '0.00', '3.17', '0.82', '4.14', '0.00', '194.00', '528.00', '1.23', '48.00', '0.03', '0.02', '30.00'),
(70, 70, '259.00', '8.50', '3.30', '48.30', '1.60', '27.00', '72.00', '3.73', '0.04', '0.12', '2.18', '0.00', '0.00', '7.70', '2.65', '11.90', '0.00', '117.00', '103.00', '0.43', '16.00', '0.04', '0.00', '77.00'),
(71, 71, '284.00', '9.40', '3.60', '53.10', '2.80', '37.00', '138.00', '2.58', '0.27', '0.23', '2.23', '0.50', '5.00', '10.03', '2.54', '4.52', '0.00', '142.00', '383.00', '0.79', '33.00', '0.07', '0.00', '59.00'),
(72, 72, '261.00', '9.60', '2.90', '48.30', '0.80', '21.00', '80.00', '2.14', '0.23', '0.21', '2.69', '0.10', '26.00', '11.84', '2.66', '5.44', '51.00', '63.00', '298.00', '0.43', '12.00', '0.06', '0.19', '53.00'),
(73, 73, '248.00', '8.80', '3.40', '47.80', '0.00', '58.82', '0.00', '2.12', '0.00', '0.00', '0.00', '0.00', '0.00', '0.00', '0.00', '5.88', '0.00', '0.00', '176.47', '0.00', '0.00', '0.00', '0.00', '0.00'),
(74, 74, '270.00', '10.37', '3.44', '49.46', '0.00', '0.00', '0.00', '3.00', '0.00', '0.00', '0.00', '0.00', '0.00', '0.00', '0.00', '0.00', '0.00', '0.00', '266.67', '0.00', '0.00', '0.00', '0.00', '0.00'),
(75, 75, '313.00', '12.96', '4.27', '55.77', '6.80', '107.00', '202.00', '2.43', '0.35', '0.22', '4.71', '0.00', '0.00', '1.60', '0.60', '0.75', '0.00', '248.00', '400.00', '1.80', '82.00', '0.21', '0.00', '50.00'),
(76, 76, '247.00', '12.95', '3.35', '41.29', '9.20', '130.00', '303.00', '2.96', '0.38', '0.28', '5.73', '0.00', '0.00', '1.97', '0.74', '0.92', '0.00', '326.00', '493.00', '2.15', '99.00', '0.24', '0.00', '52.00'),
(77, 77, '306.00', '16.27', '4.07', '51.16', '2.70', '260.00', '103.00', '3.59', '0.53', '0.24', '4.78', '0.00', '0.00', '0.60', '1.60', '0.70', '0.00', '115.00', '491.00', '0.84', '25.00', '0.09', '0.00', '111.00'),
(78, 78, '250.00', '8.70', '3.10', '47.50', '2.50', '119.00', '103.00', '3.33', '0.42', '0.34', '3.93', '0.00', '0.00', '0.80', '2.09', '0.58', '1.00', '131.00', '592.00', '0.68', '26.00', '0.06', '0.02', '104.00'),
(79, 79, '275.00', '9.50', '3.40', '52.20', '2.20', '86.00', '97.00', '2.62', '0.60', '0.33', '4.63', '0.00', '0.00', '0.11', '0.54', '0.17', '0.00', '120.00', '536.00', '0.84', '26.00', '0.03', '0.00', '107.00'),
(80, 80, '263.00', '9.60', '6.00', '44.60', '7.40', '15.00', '180.00', '3.06', '0.34', '0.08', '2.84', '0.00', '0.00', '0.35', '1.06', '0.41', '0.00', '170.00', '444.00', '1.52', '69.00', '0.27', '0.00', '35.00'),
(81, 81, '278.00', '9.87', '3.76', '50.15', '3.80', '95.00', '122.00', '3.95', '0.46', '0.31', '4.47', '0.00', '0.00', '2.84', '1.15', '1.39', '0.00', '160.00', '458.00', '1.05', '44.00', '0.09', '0.01', '111.00'),
(82, 82, '275.00', '9.10', '1.20', '55.70', '2.10', '173.00', '107.00', '3.43', '0.64', '0.21', '4.77', '1.30', '0.00', '0.90', '1.59', '0.89', '0.00', '127.00', '500.00', '0.86', '24.00', '0.07', '0.20', '111.00'),
(83, 83, '266.00', '9.80', '2.60', '55.00', '5.80', '73.00', '125.00', '2.83', '0.43', '0.34', '3.81', '0.40', '0.00', '1.31', '0.80', '0.63', '0.00', '166.00', '603.00', '1.14', '40.00', '0.08', '0.00', '110.00'),
(84, 84, '368.00', '14.12', '6.07', '64.16', '6.40', '80.00', '138.00', '3.10', '0.38', '0.33', '3.76', '0.20', '0.00', '1.44', '0.88', '0.69', '0.00', '183.00', '664.00', '1.25', '43.00', '0.07', '0.00', '103.00'),
(85, 85, '216.00', '15.55', '4.25', '64.51', '4.20', '138.00', '153.00', '3.52', '0.47', '0.27', '5.93', '0.20', '0.00', '0.64', '1.61', '0.80', '0.00', '182.00', '519.00', '1.18', '46.00', '0.11', '0.00', '85.00'),
(86, 86, '360.00', '12.68', '1.05', '72.83', '4.70', '165.00', '188.00', '4.09', '0.44', '0.38', '6.25', '0.20', '0.00', '1.02', '1.72', '0.99', '0.00', '223.00', '601.00', '1.47', '59.00', '0.15', '0.00', '86.00'),
(87, 87, '358.00', '0.19', '0.02', '88.69', '4.00', '74.00', '185.00', '3.07', '0.40', '0.29', '4.40', '0.00', '0.00', '1.62', '0.65', '0.78', '0.00', '227.00', '486.00', '1.35', '81.00', '0.18', '0.00', '105.00'),
(88, 88, '218.00', '5.70', '2.85', '44.64', '2.10', '89.00', '121.00', '3.45', '0.37', '0.38', '4.50', '0.20', '0.00', '1.28', '0.67', '0.66', '0.00', '254.00', '553.00', '0.98', '28.00', '0.08', '0.07', '118.00'),
(89, 89, '222.00', '5.70', '2.50', '46.60', '6.50', '68.00', '178.00', '2.87', '0.33', '0.31', '3.09', '0.00', '0.00', '0.93', '1.24', '0.44', '0.00', '208.00', '596.00', '1.48', '54.00', '0.13', '0.00', '93.00'),
(90, 90, '339.00', '13.68', '2.47', '71.13', '7.10', '74.00', '195.00', '3.15', '0.29', '0.30', '3.06', '0.00', '0.00', '1.02', '1.36', '0.48', '0.00', '228.00', '655.00', '1.62', '60.00', '0.12', '0.00', '87.00'),
(91, 91, '115.00', '0.84', '10.68', '6.26', '24.90', '173.00', '445.00', '7.73', '0.74', '0.21', '1.34', '0.00', '0.00', '0.10', '0.51', '0.30', '0.00', '1542.00', '12.00', '2.81', '183.00', '0.44', '0.00', '386.00'),
(92, 92, '573.00', '17.73', '49.67', '23.45', '10.40', '73.00', '169.00', '2.84', '0.24', '0.06', '0.27', '0.00', '0.00', '0.06', '0.28', '0.17', '0.00', '463.00', '2.00', '1.09', '68.00', '0.13', '0.00', '137.00'),
(93, 93, '575.00', '21.22', '49.42', '21.67', '24.90', '143.00', '407.00', '8.20', '0.53', '0.22', '2.06', '4.50', '0.00', '0.06', '0.46', '0.12', '0.00', '1406.00', '24.00', '2.79', '140.00', '0.40', '0.00', '394.00'),
(94, 94, '81.00', '5.42', '0.40', '14.45', '6.40', '35.00', '138.00', '2.22', '0.16', '0.06', '0.58', '1.20', '0.00', '0.04', '0.28', '0.07', '0.00', '405.00', '1.00', '1.00', '42.00', '0.12', '0.00', '130.00'),
(95, 95, '58.00', '3.01', '0.48', '10.60', '5.30', '34.00', '90.00', '1.17', '0.12', '0.05', '0.41', '1.20', '0.00', '0.37', '0.19', '0.07', '0.00', '237.00', '296.00', '0.46', '27.00', '0.07', '0.00', '36.00'),
(96, 96, '84.00', '5.36', '0.22', '15.63', '15.50', '123.00', '352.00', '5.02', '0.90', '0.19', '1.96', '0.00', '0.00', '0.12', '0.61', '0.37', '0.00', '1483.00', '5.00', '3.65', '171.00', '0.29', '0.00', '444.00'),
(97, 97, '78.00', '5.15', '0.27', '14.26', '8.70', '27.00', '140.00', '2.10', '0.24', '0.06', '0.51', '0.00', '0.00', '0.05', '0.23', '0.14', '0.00', '355.00', '1.00', '1.12', '70.00', '0.07', '0.00', '149.00'),
(98, 98, '628.00', '14.95', '60.75', '16.70', '12.70', '130.00', '415.00', '6.77', '0.77', '0.19', '1.89', '0.00', '0.00', '0.10', '0.49', '0.29', '0.00', '1464.00', '8.00', '2.55', '182.00', '0.53', '0.00', '463.00'),
(99, 99, '224.00', '4.20', '1.11', '49.07', '5.30', '52.00', '165.00', '2.30', '0.26', '0.06', '0.57', '0.00', '0.00', '0.04', '0.21', '0.13', '0.00', '508.00', '2.00', '0.96', '65.00', '0.18', '0.00', '168.00'),
(100, 100, '486.00', '16.54', '30.74', '42.12', '20.20', '175.00', '447.00', '5.47', '0.65', '0.24', '1.96', '5.30', '0.00', '0.05', '0.48', '0.36', '0.00', '1387.00', '14.00', '2.31', '189.00', '0.45', '0.00', '482.00'),
(101, 101, '371.00', '36.17', '9.74', '40.37', '15.50', '113.00', '411.00', '5.07', '0.71', '0.21', '1.17', '6.30', '0.00', '0.23', '0.41', '0.24', '0.00', '1393.00', '12.00', '2.28', '176.00', '0.47', '0.00', '525.00'),
(102, 102, '116.00', '15.57', '2.92', '9.29', '4.20', '22.00', '95.00', '1.90', '0.17', '0.11', '1.50', '33.00', '0.00', '0.02', '0.31', '0.14', '0.00', '250.00', '50.00', '0.58', '38.00', '0.04', '0.00', '96.00'),
(103, 103, '119.00', '15.57', '2.92', '9.88', '25.00', '103.00', '421.00', '6.70', '0.56', '0.33', '2.83', '1.40', '0.00', '0.30', '0.63', '0.25', '0.00', '1062.00', '13.00', '3.14', '192.00', '0.37', '0.00', '423.00'),
(104, 104, '336.00', '21.11', '1.18', '62.25', '5.10', '25.00', '108.00', '1.47', '0.27', '0.13', '2.09', '40.00', '0.00', '0.04', '0.19', '0.07', '0.00', '244.00', '5.00', '1.24', '33.00', '0.17', '0.00', '65.00'),
(105, 105, '142.00', '8.97', '0.64', '25.81', '5.50', '27.00', '117.00', '1.54', '0.26', '0.15', '2.02', '14.20', '0.00', '0.02', '0.10', '0.04', '0.00', '271.00', '3.00', '1.19', '39.00', '0.22', '0.00', '63.00'),
(106, 106, '112.00', '5.71', '5.49', '11.91', '3.30', '20.00', '63.00', '1.29', '0.08', '0.02', '1.00', '7.80', '0.00', '0.04', '0.23', '0.09', '0.00', '106.00', '185.00', '0.72', '19.00', '0.07', '0.00', '24.00'),
(107, 107, '339.00', '21.86', '1.14', '62.37', '5.50', '24.00', '77.00', '1.52', '0.28', '0.10', '1.48', '9.90', '0.00', '0.02', '0.13', '0.05', '0.00', '110.00', '72.00', '0.67', '22.00', '0.11', '0.00', '59.00'),
(108, 108, '347.00', '21.42', '1.23', '62.55', '18.90', '176.00', '440.00', '4.36', '0.64', '0.22', '2.19', '4.80', '0.00', '3.94', '2.44', '1.16', '0.00', '1013.00', '15.00', '4.75', '198.00', '0.36', '0.00', '355.00'),
(109, 109, '341.00', '21.60', '1.42', '62.36', '2.80', '51.00', '128.00', '1.20', '0.13', '0.05', '0.50', '1.10', '0.00', '1.18', '0.73', '0.35', '0.00', '245.00', '4.00', '1.38', '54.00', '0.01', '0.00', '59.00'),
(110, 110, '91.00', '6.03', '0.29', '16.56', '2.80', '51.00', '128.00', '1.20', '0.13', '0.05', '0.50', '1.10', '0.00', '1.18', '0.73', '0.35', '0.00', '245.00', '240.00', '1.38', '54.00', '0.01', '0.00', '59.00'),
(111, 111, '132.00', '8.86', '0.54', '23.71', '17.40', '105.00', '366.00', '6.24', '0.48', '0.21', '1.54', '4.00', '0.00', '1.36', '2.69', '0.63', '0.00', '875.00', '24.00', '3.43', '115.00', '0.54', '0.00', '557.00'),
(112, 112, '333.00', '23.58', '0.83', '60.01', '7.60', '49.00', '168.00', '2.89', '0.12', '0.06', '0.53', '1.30', '0.00', '0.58', '1.16', '0.27', '0.00', '291.00', '7.00', '1.53', '48.00', '0.14', '0.00', '172.00'),
(113, 113, '82.00', '5.22', '0.60', '14.50', '4.40', '35.00', '80.00', '1.23', '0.03', '0.02', '0.13', '0.10', '0.00', '0.44', '0.88', '0.20', '0.00', '144.00', '278.00', '0.69', '27.00', '0.47', '0.00', '25.00'),
(114, 114, '127.00', '8.67', '0.50', '22.80', '10.80', '45.00', '318.00', '4.86', '0.49', '0.11', '1.76', '0.00', '0.00', '1.50', '2.98', '0.69', '0.00', '846.00', '64.00', '2.81', '166.00', '0.49', '0.00', '437.00'),
(115, 115, '343.00', '20.96', '1.13', '64.19', '1.70', '67.00', '393.00', '6.70', '0.36', '0.27', '2.84', '4.70', '1.00', '0.00', '0.00', '0.00', '0.00', '0.00', '0.00', '3.14', '0.00', '0.00', '0.00', '0.00'),
(116, 116, '149.00', '9.06', '0.49', '27.91', '6.00', '38.00', '176.00', '2.44', '0.18', '0.06', '0.58', '0.00', '0.00', '4.04', '3.61', '1.44', '0.00', '228.00', '379.00', '1.83', '71.00', '0.20', '0.00', '83.00'),
(117, 117, '364.00', '19.30', '6.04', '60.65', '30.50', '56.00', '451.00', '7.54', '0.87', '0.21', '2.61', '4.40', '0.00', '0.19', '0.52', '0.16', '0.00', '955.00', '6.00', '4.78', '122.00', '0.54', '0.00', '479.00'),
(118, 118, '88.00', '4.92', '1.95', '13.49', '7.90', '19.00', '180.00', '3.33', '0.17', '0.07', '1.06', '1.50', '0.00', '0.06', '0.18', '0.05', '0.00', '369.00', '2.00', '1.27', '36.00', '0.18', '0.00', '181.00'),
(119, 119, '387.00', '22.39', '6.69', '57.82', '0.00', '25.00', '173.00', '3.21', '0.23', '0.13', '1.13', '16.50', '0.00', '0.10', '0.22', '0.06', '0.00', '322.00', '11.00', '1.51', '37.00', '0.19', '0.00', '100.00'),
(120, 120, '164.00', '8.86', '2.59', '27.42', '0.00', '14.00', '153.00', '3.10', '0.22', '0.09', '1.20', '12.60', '0.00', '0.10', '0.20', '0.05', '0.00', '284.00', '10.00', '1.60', '35.00', '0.16', '0.00', '67.00'),
(121, 121, '341.00', '26.12', '1.53', '58.29', '4.40', '47.00', '154.00', '3.43', '0.05', '0.11', '0.36', '1.70', '0.00', '2.33', '0.36', '2.35', '17.00', '365.00', '522.00', '2.00', '45.00', '0.13', '0.00', '23.00'),
(122, 122, '343.00', '24.30', '1.90', '59.60', '1.70', '4.00', '46.00', '0.36', '0.02', '0.02', '0.88', '2.60', '0.00', '0.14', '0.23', '0.08', '0.00', '136.00', '195.00', '0.39', '15.00', '0.04', '0.00', '38.00'),
(123, 123, '72.00', '5.60', '0.60', '11.70', '6.90', '35.00', '108.00', '1.90', '0.14', '0.12', '0.62', '2.70', '0.00', '0.03', '0.13', '0.08', '0.00', '308.00', '384.00', '0.54', '35.00', '0.06', '0.00', '61.00'),
(124, 124, '166.00', '7.90', '9.60', '14.29', '9.30', '277.00', '704.00', '15.70', '0.87', '0.87', '1.62', '6.00', '0.00', '4.40', '11.26', '2.88', '0.00', '1797.00', '2.00', '4.89', '280.00', '0.38', '0.00', '375.00'),
(125, 125, '353.00', '25.80', '1.06', '60.08', '6.00', '102.00', '245.00', '5.14', '0.16', '0.29', '0.40', '1.70', '0.00', '1.98', '5.06', '1.30', '0.00', '515.00', '1.00', '1.15', '86.00', '0.23', '0.00', '54.00'),
(126, 126, '116.00', '9.02', '0.38', '20.13', '5.40', '57.00', '159.00', '2.49', '0.10', '0.23', '0.91', '0.00', '0.00', '1.24', '3.20', '1.14', '0.00', '210.00', '3728.00', '2.56', '48.00', '0.20', '0.08', '19.00'),
(127, 127, '106.00', '8.96', '0.55', '22.14', '0.00', '909.09', '0.00', '0.00', '0.45', '0.52', '6.06', '18.18', '0.00', '0.00', '0.00', '0.00', '0.00', '0.00', '0.00', '0.00', '0.00', '0.61', '0.00', '0.00'),
(128, 128, '101.00', '8.80', '0.45', '21.25', '0.80', '82.00', '62.00', '0.44', '0.00', '0.00', '0.00', '0.00', '0.00', '0.21', '0.41', '0.00', '0.00', '64.00', '37.00', '0.00', '0.00', '0.00', '0.00', '0.00'),
(129, 129, '534.00', '18.29', '42.16', '28.88', '3.20', '88.00', '3.00', '3.30', '0.00', '0.00', '0.04', '0.90', '0.00', '7.89', '0.91', '1.42', '0.00', '8.00', '735.00', '0.22', '4.00', '0.01', '0.00', '0.00'),
(130, 130, '718.00', '7.91', '75.77', '13.82', '11.80', '975.00', '629.00', '14.55', '0.79', '0.25', '4.52', '0.00', '0.00', '18.76', '21.77', '6.96', '0.00', '468.00', '11.00', '7.75', '351.00', '0.79', '0.00', '97.00'),
(131, 131, '61.00', '1.95', '0.77', '13.86', '12.20', '264.00', '484.00', '3.72', '0.21', '1.01', '3.39', '0.00', '0.00', '30.89', '12.07', '3.73', '0.00', '705.00', '1.00', '3.08', '268.00', '0.14', '0.00', '50.00'),
(132, 132, '567.00', '25.80', '49.24', '16.13', '9.70', '114.00', '290.00', '4.70', '0.64', '0.11', '1.80', '6.30', '0.00', '45.65', '7.92', '4.46', '0.00', '680.00', '0.00', '2.45', '163.00', '0.56', '0.00', '113.00'),
(133, 133, '318.00', '13.50', '22.01', '21.26', '0.00', '18.00', '96.00', '1.41', '0.16', '0.18', '0.80', '36.00', '0.00', '0.58', '0.29', '0.16', '0.00', '447.00', '3.00', '0.87', '84.00', '0.41', '0.00', '68.00'),
(134, 134, '599.00', '28.03', '52.50', '15.26', '8.60', '78.00', '660.00', '5.25', '1.48', '0.36', '8.34', '1.40', '0.00', '18.53', '23.14', '4.46', '0.00', '645.00', '9.00', '5.00', '325.00', '1.35', '0.00', '227.00'),
(135, 135, '585.00', '23.68', '49.66', '21.51', '27.30', '255.00', '642.00', '5.73', '1.64', '0.16', '3.08', '0.60', '0.00', '7.53', '28.73', '3.66', '0.00', '813.00', '30.00', '4.34', '392.00', '0.47', '0.00', '87.00'),
(136, 136, '520.00', '25.90', '34.00', '35.65', '34.40', '631.00', '860.00', '7.72', '0.62', '0.17', '8.83', '1.60', '0.00', '2.31', '23.67', '3.33', '0.00', '407.00', '16.00', '4.58', '335.00', '0.00', '0.00', '49.00'),
(137, 137, '588.00', '25.09', '50.39', '19.56', '8.50', '92.00', '376.00', '4.58', '0.64', '0.14', '12.07', '0.00', '0.00', '24.43', '15.56', '6.83', '0.00', '705.00', '18.00', '3.27', '168.00', '0.35', '0.00', '240.00'),
(138, 138, '199.00', '11.69', '6.01', '26.47', '8.80', '55.00', '198.00', '1.01', '0.26', '0.06', '5.26', '0.00', '0.00', '10.92', '6.96', '3.06', '0.00', '180.00', '751.00', '1.83', '102.00', '0.15', '0.00', '75.00'),
(139, 139, '654.00', '15.23', '65.21', '13.71', '9.40', '61.00', '397.00', '1.52', '0.09', '0.09', '13.83', '0.80', '0.00', '26.00', '15.30', '8.66', '0.00', '726.00', '320.00', '3.28', '176.00', '0.46', '0.00', '120.00'),
(140, 140, '446.00', '18.55', '19.40', '53.75', '8.00', '54.00', '358.00', '2.26', '0.44', '0.10', '13.53', '0.00', '0.00', '24.64', '15.69', '6.89', '0.00', '658.00', '679.00', '3.31', '176.00', '0.26', '0.00', '145.00'),
(141, 141, '567.00', '20.95', '44.82', '29.38', '6.70', '98.00', '346.00', '2.91', '0.34', '0.15', '1.13', '1.30', '0.00', '8.93', '47.17', '6.13', '0.00', '441.00', '2.00', '3.09', '158.00', '0.54', '0.00', '98.00'),
(142, 142, '584.00', '20.78', '51.46', '20.00', '6.00', '43.00', '358.00', '1.87', '0.07', '0.11', '13.40', '0.00', '0.00', '24.22', '14.16', '10.51', '0.00', '649.00', '459.00', '2.91', '154.00', '0.54', '0.00', '74.00'),
(143, 143, '446.00', '36.49', '19.94', '30.16', '5.20', '35.00', '369.00', '1.90', '0.27', '0.06', '14.60', '0.00', '0.00', '16.16', '9.18', '5.76', '0.00', '669.00', '540.00', '2.80', '170.00', '0.31', '0.00', '60.00'),
(144, 144, '424.24', '24.24', '3.03', '69.70', '9.90', '107.00', '469.00', '4.03', '0.70', '0.23', '1.37', '3.00', '0.00', '23.68', '13.45', '5.46', '0.00', '1007.00', '6.00', '2.34', '109.00', '1.12', '0.00', '51.00'),
(145, 145, '43.00', '1.65', '0.62', '7.20', '18.40', '55.00', '92.00', '3.31', '0.03', '0.05', '0.29', '0.30', '0.00', '6.03', '8.84', '3.67', '0.00', '919.00', '18.00', '10.30', '262.00', '0.04', '0.00', '9.00'),
(146, 146, '173.00', '16.64', '8.97', '9.93', '8.60', '85.00', '188.00', '3.69', '1.20', '0.16', '2.47', '1.20', '0.00', '58.88', '1.50', '12.06', '0.00', '368.00', '5.00', '1.30', '130.00', '0.28', '0.00', '11.00'),
(147, 147, '19.00', '1.80', '0.20', '3.74', '1.60', '51.00', '46.00', '1.80', '0.04', '0.09', '0.40', '30.00', '0.00', '0.04', '0.07', '0.03', '0.00', '379.00', '213.00', '0.36', '81.00', '0.10', '0.00', '14.00'),
(148, 148, '20.00', '1.88', '0.08', '4.13', '2.10', '58.00', '33.00', '2.26', '0.03', '0.09', '0.36', '18.00', '0.00', '0.02', '0.03', '0.01', '0.00', '549.00', '179.00', '0.33', '86.00', '0.09', '0.00', '9.00'),
(149, 149, '17.00', '1.00', '0.17', '3.70', '2.80', '19.00', '31.00', '0.43', '0.04', '0.04', '0.40', '84.00', '0.00', '0.00', '0.00', '0.00', '0.00', '296.00', '5.00', '0.80', '17.00', '0.04', '0.00', '72.00'),
(150, 150, '40.00', '1.87', '0.44', '8.81', '1.50', '14.00', '43.00', '1.03', '0.07', '0.09', '1.24', '143.70', '0.00', '0.02', '0.24', '0.04', '0.00', '322.00', '9.00', '0.26', '23.00', '0.51', '0.00', '23.00'),
(151, 151, '149.00', '6.36', '0.50', '33.06', '2.10', '181.00', '153.00', '1.70', '0.20', '0.11', '0.70', '31.20', '0.00', '0.01', '0.25', '0.09', '0.00', '401.00', '17.00', '1.16', '25.00', '1.24', '0.00', '3.00'),
(152, 152, '23.00', '3.15', '0.64', '2.65', '1.60', '177.00', '56.00', '3.17', '0.03', '0.08', '0.90', '18.00', '0.00', '0.09', '0.39', '0.04', '0.00', '295.00', '4.00', '0.81', '64.00', '0.16', '0.00', '68.00'),
(153, 153, '47.00', '3.27', '0.15', '10.51', '5.40', '44.00', '90.00', '1.28', '0.07', '0.07', '1.05', '11.70', '0.00', '0.01', '0.06', '0.04', '0.00', '370.00', '94.00', '0.49', '60.00', '0.12', '0.00', '68.00'),
(154, 154, '53.00', '2.89', '0.34', '11.95', '8.60', '21.00', '73.00', '0.61', '0.05', '0.09', '1.11', '7.40', '0.00', '0.01', '0.14', '0.08', '0.00', '286.00', '60.00', '0.40', '42.00', '0.08', '0.00', '89.00'),
(155, 155, '357.00', '0.30', '0.10', '88.15', '3.40', '40.00', '5.00', '0.33', '0.00', '0.00', '0.00', '0.00', '0.00', '0.03', '0.08', '0.04', '0.00', '11.00', '2.00', '0.07', '3.00', '0.01', '0.00', '7.00'),
(156, 156, '330.85', '0.50', '0.28', '81.15', '0.65', '11.89', '60.39', '0.11', '0.03', '0.00', '0.00', '0.00', '0.00', '0.02', '0.08', '0.03', '0.00', '48.13', '2.45', '0.00', '3.02', '0.00', '0.00', '0.00'),
(157, 157, '16.00', '0.69', '0.17', '2.97', '1.60', '40.00', '24.00', '0.20', '0.02', '0.06', '0.32', '3.10', '0.00', '0.02', '0.09', '0.04', '0.00', '260.00', '80.00', '0.13', '11.00', '0.07', '0.00', '36.00'),
(158, 158, '25.00', '0.98', '0.18', '5.88', '3.00', '9.00', '24.00', '0.23', '0.04', '0.04', '0.65', '2.20', '0.00', '0.01', '0.04', '0.03', '0.00', '229.00', '2.00', '0.16', '14.00', '0.08', '0.00', '22.00'),
(159, 159, '35.00', '0.83', '0.23', '8.73', '2.50', '6.00', '15.00', '0.25', '0.08', '0.02', '0.60', '1.30', '0.00', '0.03', '0.06', '0.03', '0.00', '123.00', '1.00', '0.12', '11.00', '0.09', '0.00', '14.00'),
(160, 160, '11.00', '2.30', '0.10', '1.29', '0.50', '120.00', '60.00', '0.20', '0.09', '0.12', '0.20', '43.00', '0.00', '0.04', '0.06', '0.03', '0.00', '330.00', '41.00', '0.11', '21.00', '0.13', '0.00', '9.00'),
(161, 161, '34.00', '2.82', '0.37', '6.64', '2.60', '47.00', '66.00', '0.73', '0.07', '0.12', '0.64', '89.20', '0.00', '0.01', '0.04', '0.04', '0.00', '316.00', '33.00', '0.41', '21.00', '0.18', '0.00', '63.00'),
(162, 162, '35.00', '2.38', '0.41', '7.18', '3.30', '40.00', '67.00', '0.67', '0.06', '0.12', '0.55', '64.90', '0.00', '0.04', '0.17', '0.08', '0.00', '293.00', '41.00', '0.45', '21.00', '0.20', '0.00', '108.00'),
(163, 163, '86.00', '1.57', '0.05', '20.12', '3.00', '30.00', '47.00', '0.61', '0.08', '0.06', '0.56', '2.40', '0.00', '0.01', '0.09', '0.08', '0.00', '337.00', '55.00', '0.30', '25.00', '0.21', '0.00', '11.00'),
(164, 164, '76.00', '1.37', '0.14', '17.72', '2.50', '27.00', '32.00', '0.72', '0.06', '0.05', '0.54', '12.80', '0.00', '0.03', '0.15', '0.07', '0.00', '230.00', '27.00', '0.20', '18.00', '0.17', '0.00', '6.00'),
(165, 165, '32.00', '1.83', '0.19', '7.34', '2.60', '72.00', '37.00', '1.48', '0.06', '0.08', '0.53', '18.80', '0.00', '0.04', '0.21', '0.10', '0.00', '276.00', '16.00', '0.39', '20.00', '0.06', '0.00', '64.00'),
(166, 166, '40.00', '1.10', '0.10', '9.34', '1.70', '23.00', '29.00', '0.21', '0.05', '0.03', '0.12', '7.40', '0.00', '0.05', '0.26', '0.13', '0.00', '146.00', '4.00', '0.17', '10.00', '0.12', '0.00', '19.00'),
(167, 167, '40.00', '1.10', '0.10', '9.34', '1.70', '23.00', '29.00', '0.21', '0.05', '0.03', '0.12', '7.40', '0.00', '0.01', '0.02', '0.04', '0.00', '146.00', '4.00', '0.17', '10.00', '0.12', '0.00', '19.00'),
(168, 168, '61.00', '1.50', '0.30', '14.15', '1.80', '59.00', '35.00', '2.10', '0.06', '0.03', '0.40', '12.00', '0.00', '0.03', '0.07', '0.03', '0.00', '180.00', '20.00', '0.12', '28.00', '0.23', '0.00', '64.00'),
(169, 169, '30.00', '3.27', '0.73', '4.35', '2.50', '92.00', '58.00', '1.60', '0.08', '0.12', '0.65', '58.10', '0.00', '0.01', '0.02', '0.04', '0.00', '296.00', '3.00', '0.56', '42.00', '0.14', '0.00', '105.00'),
(170, 170, '22.00', '3.09', '0.34', '3.26', '1.00', '3.00', '86.00', '0.50', '0.08', '0.40', '3.61', '2.10', '0.00', '0.00', '0.17', '0.04', '0.00', '318.00', '5.00', '0.52', '9.00', '0.10', '0.04', '17.00'),
(171, 171, '25.00', '1.87', '0.29', '5.09', '2.40', '11.00', '66.00', '0.79', '0.09', '0.02', '1.59', '0.00', '0.00', '0.10', '0.27', '0.15', '0.00', '129.00', '425.00', '0.72', '15.00', '0.06', '0.00', '12.00'),
(172, 172, '28.00', '2.17', '0.47', '5.29', '2.20', '6.00', '87.00', '1.74', '0.07', '0.30', '4.46', '4.00', '0.00', '0.05', '0.32', '0.09', '0.00', '356.00', '2.00', '0.87', '12.00', '0.10', '0.00', '18.00'),
(173, 173, '22.00', '2.11', '0.35', '3.87', '1.30', '3.00', '108.00', '0.31', '0.06', '0.13', '4.49', '0.00', '0.00', '0.00', '0.01', '0.00', '0.00', '364.00', '9.00', '0.53', '0.00', '0.15', '0.05', '28.00'),
(174, 174, '23.00', '2.13', '0.52', '3.67', '2.80', '67.00', '48.00', '1.77', '0.07', '0.16', '1.11', '27.00', '0.00', '0.00', '0.01', '0.00', '0.00', '521.00', '46.00', '0.50', '26.00', '0.15', '0.00', '62.00'),
(175, 175, '25.00', '1.28', '0.10', '5.80', '2.50', '40.00', '26.00', '0.47', '0.06', '0.04', '0.23', '36.60', '0.00', '0.28', '0.04', '0.01', '0.00', '170.00', '18.00', '0.18', '12.00', '0.12', '0.00', '43.00'),
(176, 176, '23.00', '1.27', '0.06', '5.51', '1.90', '48.00', '33.00', '0.17', '0.06', '0.04', '0.25', '37.50', '0.00', '0.02', '0.02', '0.03', '0.00', '196.00', '8.00', '0.20', '15.00', '0.11', '0.00', '30.00'),
(177, 177, '43.00', '3.38', '0.30', '8.95', '3.80', '42.00', '69.00', '1.40', '0.14', '0.09', '0.75', '85.00', '0.00', '0.02', '0.02', '0.00', '0.00', '389.00', '25.00', '0.42', '23.00', '0.22', '0.00', '61.00'),
(178, 178, '36.00', '2.55', '0.50', '7.10', '2.60', '36.00', '56.00', '1.20', '0.11', '0.08', '0.61', '62.00', '0.00', '0.02', '0.15', '0.06', '0.00', '317.00', '21.00', '0.33', '20.00', '0.18', '0.00', '60.00'),
(179, 179, '31.00', '1.43', '0.16', '7.37', '2.10', '45.00', '30.00', '0.80', '0.06', '0.07', '0.42', '57.00', '0.00', '0.04', '0.26', '0.10', '0.00', '243.00', '27.00', '0.22', '16.00', '0.21', '0.00', '18.00'),
(180, 180, '29.00', '1.51', '0.09', '6.94', '2.60', '42.00', '33.00', '0.66', '0.07', '0.06', '0.38', '34.40', '0.00', '0.01', '0.08', '0.02', '0.00', '262.00', '28.00', '0.25', '17.00', '0.23', '0.00', '24.00'),
(181, 181, '25.00', '1.92', '0.28', '4.97', '2.00', '22.00', '44.00', '0.42', '0.05', '0.06', '0.51', '48.20', '0.00', '0.01', '0.04', '0.01', '0.00', '299.00', '30.00', '0.27', '15.00', '0.18', '0.00', '57.00'),
(182, 182, '23.00', '1.84', '0.45', '4.11', '2.30', '16.00', '32.00', '0.32', '0.04', '0.05', '0.41', '44.30', '0.00', '0.02', '0.02', '0.06', '0.00', '142.00', '15.00', '0.17', '9.00', '0.17', '0.00', '44.00'),
(183, 183, '20.00', '2.20', '0.12', '3.88', '2.10', '24.00', '52.00', '2.14', '0.14', '0.14', '0.98', '5.60', '0.00', '0.03', '0.22', '0.07', '0.00', '202.00', '2.00', '0.54', '14.00', '0.09', '0.00', '52.00'),
(184, 184, '15.00', '1.80', '0.18', '2.47', '1.00', '15.00', '38.00', '0.60', '0.05', '0.09', '0.85', '16.50', '0.00', '0.01', '0.09', '0.05', '0.00', '172.00', '284.00', '0.47', '9.00', '0.10', '0.00', '85.00'),
(185, 185, '22.00', '2.40', '0.22', '4.11', '2.00', '23.00', '54.00', '0.91', '0.16', '0.14', '1.08', '7.70', '0.00', '0.01', '0.05', '0.01', '0.00', '224.00', '14.00', '0.60', '14.00', '0.08', '0.00', '149.00'),
(186, 186, '23.00', '2.86', '0.39', '3.63', '2.20', '99.00', '49.00', '2.71', '0.08', '0.19', '0.72', '28.10', '0.00', '0.01', '0.04', '0.01', '0.00', '558.00', '79.00', '0.53', '79.00', '0.20', '0.00', '194.00'),
(187, 187, '23.00', '2.97', '0.26', '3.75', '2.40', '136.00', '56.00', '3.57', '0.10', '0.24', '0.49', '9.80', '0.00', '0.01', '0.11', '0.05', '0.00', '466.00', '70.00', '0.76', '87.00', '0.24', '0.00', '146.00'),
(188, 188, '15.00', '1.36', '0.15', '2.87', '1.30', '36.00', '29.00', '0.86', '0.07', '0.08', '0.38', '9.20', '0.00', '0.01', '0.15', '0.06', '0.00', '194.00', '28.00', '0.18', '13.00', '0.09', '0.00', '38.00'),
(189, 189, '17.00', '1.23', '0.30', '3.29', '2.10', '33.00', '30.00', '0.97', '0.07', '0.07', '0.31', '4.00', '0.00', '0.01', '0.17', '0.06', '0.00', '247.00', '8.00', '0.23', '14.00', '0.07', '0.00', '136.00'),
(190, 190, '62.00', '1.10', '0.10', '14.30', '0.00', '3.00', '28.00', '1.10', '0.05', '0.03', '0.20', '11.50', '5.00', '0.01', '0.11', '0.04', '0.00', '0.00', '0.00', '0.00', '0.00', '0.00', '0.00', '0.00'),
(191, 191, '28.00', '0.90', '0.10', '6.43', '1.80', '30.00', '27.00', '0.30', '0.04', '0.03', '0.40', '21.00', '0.00', '0.00', '0.05', '0.04', '0.00', '191.00', '67.00', '0.27', '11.00', '0.09', '0.00', '15.00'),
(192, 192, '22.00', '0.71', '0.08', '5.06', '2.00', '33.00', '26.00', '0.18', '0.03', '0.02', '0.30', '11.60', '0.00', '0.01', '0.09', '0.04', '0.00', '177.00', '16.00', '0.12', '9.00', '0.07', '0.00', '9.00'),
(193, 193, '118.00', '1.53', '0.17', '27.88', '4.10', '17.00', '55.00', '0.54', '0.11', '0.03', '0.55', '17.10', '0.00', '0.00', '0.11', '0.05', '0.00', '816.00', '9.00', '0.24', '21.00', '0.29', '0.00', '23.00'),
(194, 194, '30.00', '0.80', '0.40', '15.40', '9.20', '0.00', '0.00', '0.00', '0.00', '0.00', '0.00', '30.85', '0.00', '0.00', '0.16', '0.05', '0.00', '0.00', '0.00', '0.00', '0.00', '0.00', '0.00', '0.00'),
(195, 195, '115.00', '2.70', '0.20', '25.61', '1.50', '18.00', '140.00', '1.69', '0.05', '0.18', '0.90', '8.00', '0.00', '0.01', '0.18', '0.06', '0.00', '1806.00', '14.00', '3.73', '10.00', '0.81', '0.00', '24.00'),
(196, 196, '28.00', '2.52', '0.62', '4.62', '2.40', '58.00', '65.00', '3.13', '0.01', '0.06', '0.44', '7.90', '0.00', '0.02', '0.12', '0.06', '0.00', '177.00', '426.00', '1.15', '38.00', '0.02', '0.00', '39.00'),
(197, 197, '294.54', '3.60', '13.99', '38.51', '0.98', '87.56', '78.84', '0.29', '0.00', '0.08', '0.00', '0.00', '47.50', '0.03', '0.08', '0.03', '0.00', '58.08', '404.99', '0.43', '6.83', '0.00', '0.00', '0.00'),
(198, 198, '103.00', '2.00', '0.40', '23.30', '0.40', '6.00', '52.00', '0.40', '0.07', '0.06', '1.85', '9.00', '0.00', '0.01', '0.08', '0.02', '0.00', '0.00', '0.00', '0.29', '0.00', '0.00', '0.00', '0.00'),
(199, 199, '28.00', '0.90', '0.10', '6.43', '1.80', '30.00', '27.00', '0.30', '0.04', '0.03', '0.40', '21.00', '0.00', '0.01', '0.16', '0.04', '0.00', '191.00', '67.00', '0.27', '11.00', '0.09', '0.00', '15.00'),
(200, 200, '22.00', '0.71', '0.08', '5.06', '2.00', '33.00', '26.00', '0.18', '0.03', '0.02', '0.30', '11.60', '0.00', '0.01', '0.05', '0.01', '0.00', '177.00', '16.00', '0.12', '9.00', '0.07', '0.00', '9.00'),
(201, 201, '97.00', '2.10', '0.10', '22.30', '2.40', '9.00', '47.00', '0.50', '0.09', '0.09', '1.67', '14.00', '3.00', '0.01', '0.04', '0.01', '0.00', '0.00', '0.00', '0.29', '0.00', '0.00', '0.00', '0.00'),
(202, 202, '15.00', '0.65', '0.11', '3.63', '0.50', '16.00', '24.00', '0.28', '0.03', '0.03', '0.10', '2.80', '0.00', '0.01', '0.03', '0.04', '0.00', '147.00', '2.00', '0.20', '13.00', '0.04', '0.00', '7.00'),
(203, 203, '36.00', '2.97', '0.79', '6.33', '3.30', '138.00', '58.00', '6.20', '0.09', '0.10', '1.31', '133.00', '0.00', '0.30', '0.12', '0.13', '0.00', '554.00', '56.00', '1.07', '50.00', '0.09', '0.00', '152.00'),
(204, 204, '31.00', '0.99', '0.30', '6.03', '2.10', '7.00', '26.00', '0.43', '0.05', '0.09', '0.98', '127.70', '0.00', '0.00', '0.07', '0.03', '0.00', '211.00', '4.00', '0.25', '12.00', '0.29', '0.00', '46.00'),
(205, 205, '20.00', '0.86', '0.17', '4.64', '1.70', '10.00', '20.00', '0.34', '0.06', '0.03', '0.48', '80.40', '0.00', '0.01', '0.06', '0.06', '0.00', '175.00', '3.00', '0.13', '10.00', '0.22', '0.00', '10.00'),
(206, 206, '300.00', '3.10', '0.40', '79.60', '9.90', '29.00', '104.00', '3.90', '0.11', '0.12', '1.57', '1.30', '100.00', '0.02', '0.05', '0.03', '0.00', '0.00', '0.00', '0.61', '0.00', '0.00', '0.00', '0.00'),
(207, 207, '89.00', '1.09', '0.33', '22.84', '2.60', '5.00', '22.00', '0.26', '0.03', '0.07', '0.67', '8.70', '0.00', '0.02', '0.05', '0.03', '0.00', '358.00', '1.00', '0.15', '27.00', '0.37', '0.00', '20.00'),
(208, 208, '112.00', '1.20', '0.20', '27.00', '0.30', '0.00', '37.00', '0.40', '0.06', '0.06', '0.50', '5.60', '82.00', '0.03', '0.39', '0.19', '0.00', '0.00', '0.00', '0.15', '0.00', '0.00', '0.00', '0.00'),
(209, 209, '104.00', '1.10', '0.20', '27.40', '0.40', '8.00', '24.00', '0.60', '0.04', '0.04', '0.69', '13.00', '19.83', '0.01', '0.12', '0.04', '0.00', '0.00', '0.00', '0.00', '0.00', '0.00', '0.00', '0.00'),
(210, 210, '86.00', '0.60', '0.10', '23.10', '1.70', '1.00', '21.00', '0.40', '0.04', '0.04', '0.60', '8.00', '0.00', '0.01', '0.09', '0.03', '0.00', '344.00', '4.00', '0.10', '24.00', '0.18', '0.00', '19.00'),
(211, 211, '122.00', '1.30', '0.37', '31.89', '2.30', '3.00', '34.00', '0.60', '0.05', '0.05', '0.69', '18.40', '0.00', '0.00', '0.00', '0.00', '0.00', '499.00', '4.00', '0.14', '37.00', '0.30', '0.00', '22.00'),
(212, 212, '116.00', '0.79', '0.18', '31.15', '2.30', '2.00', '28.00', '0.58', '0.05', '0.05', '0.76', '10.90', '0.00', '0.01', '0.11', '0.04', '0.00', '465.00', '5.00', '0.13', '32.00', '0.24', '0.00', '26.00'),
(213, 213, '16.00', '0.68', '0.10', '3.40', '1.60', '25.00', '20.00', '0.34', '0.01', '0.04', '0.25', '14.80', '0.00', '0.11', '0.05', '0.05', '0.00', '233.00', '39.00', '0.28', '10.00', '0.07', '0.00', '25.00'),
(214, 214, '18.00', '0.60', '0.10', '4.10', '1.60', '27.00', '23.00', '0.40', '0.02', '0.02', '0.20', '22.00', '0.00', '0.11', '0.05', '0.05', '0.00', '227.00', '21.00', '0.15', '16.00', '0.05', '0.00', '28.00'),
(215, 215, '43.00', '1.61', '0.17', '9.56', '2.80', '16.00', '40.00', '0.80', '0.03', '0.04', '0.33', '4.90', '0.00', '0.10', '0.20', '0.13', '0.00', '325.00', '78.00', '0.35', '23.00', '0.07', '0.00', '109.00'),
(216, 216, '44.00', '1.68', '0.18', '9.96', '2.00', '16.00', '38.00', '0.79', '0.03', '0.04', '0.33', '3.60', '0.00', '0.00', '0.01', '0.02', '0.00', '305.00', '77.00', '0.35', '23.00', '0.07', '0.00', '80.00'),
(217, 217, '25.00', '2.58', '0.66', '3.65', '1.60', '160.00', '52.00', '1.46', '0.04', '0.09', '0.31', '15.00', '0.00', '0.00', '0.06', '0.03', '0.00', '369.00', '27.00', '0.47', '47.00', '0.07', '0.00', '97.00'),
(218, 218, '14.00', '0.62', '0.02', '3.39', '0.50', '26.00', '13.00', '0.20', '0.03', '0.02', '0.32', '10.10', '0.00', '0.00', '0.00', '0.00', '0.00', '150.00', '2.00', '0.70', '11.00', '0.04', '0.00', '6.00'),
(219, 219, '15.00', '0.60', '0.02', '3.69', '1.20', '24.00', '13.00', '0.25', '0.03', '0.02', '0.39', '8.50', '0.00', '0.01', '0.08', '0.04', '0.00', '170.00', '2.00', '0.70', '11.00', '0.04', '0.00', '4.00'),
(220, 220, '18.00', '0.88', '0.20', '3.89', '1.20', '10.00', '24.00', '0.27', '0.04', '0.02', '0.59', '13.70', '0.00', '0.00', '0.00', '0.00', '0.00', '237.00', '5.00', '0.17', '11.00', '0.08', '0.00', '15.00'),
(221, 221, '31.00', '1.83', '0.22', '6.97', '2.70', '37.00', '38.00', '1.03', '0.08', '0.10', '0.73', '12.20', '0.00', '0.00', '0.00', '0.00', '0.00', '211.00', '6.00', '0.24', '25.00', '0.14', '0.00', '33.00'),
(222, 222, '35.00', '1.89', '0.28', '7.88', '3.20', '44.00', '29.00', '0.65', '0.07', '0.10', '0.61', '9.70', '0.00', '0.00', '0.00', '0.00', '0.00', '146.00', '1.00', '0.25', '18.00', '0.06', '0.00', '33.00'),
(223, 223, '44.00', '3.29', '0.73', '8.41', '6.80', '199.00', '60.00', '11.87', '0.08', '0.18', '0.95', '13.30', '0.00', '0.00', '0.05', '0.02', '0.00', '458.00', '30.00', '1.09', '63.00', '0.16', '0.00', '105.00'),
(224, 224, '160.00', '1.36', '0.28', '38.06', '1.80', '16.00', '27.00', '0.27', '0.09', '0.05', '0.85', '20.60', '0.00', '0.08', '0.05', '0.07', '0.00', '271.00', '14.00', '0.34', '21.00', '0.09', '0.00', '27.00'),
(225, 225, '41.00', '0.93', '0.24', '9.58', '2.80', '33.00', '35.00', '0.30', '0.07', '0.06', '0.98', '5.90', '0.00', '3.00', '4.10', '3.40', '63.05', '320.00', '69.00', '0.24', '12.00', '0.14', '0.00', '19.00'),
(226, 226, '45.00', '1.10', '0.20', '10.50', '3.30', '31.00', '30.00', '0.60', '0.03', '0.06', '0.50', '2.00', '0.00', '0.00', '0.00', '0.00', '0.00', '227.00', '66.00', '0.30', '13.00', '0.25', '0.00', '14.00'),
(227, 227, '75.00', '1.20', '0.30', '17.99', '4.90', '36.00', '71.00', '0.59', '0.09', '0.05', '0.70', '17.00', '0.00', '0.00', '0.00', '0.00', '0.00', '375.00', '10.00', '0.59', '29.00', '0.09', '0.00', '67.00'),
(228, 228, '71.00', '1.32', '0.30', '17.01', '3.60', '37.00', '69.00', '0.58', '0.08', '0.05', '0.72', '13.00', '0.00', '0.00', '0.00', '0.00', '0.00', '367.00', '10.00', '0.26', '29.00', '0.09', '0.00', '58.00'),
(229, 229, '35.00', '0.76', '0.18', '8.22', '3.00', '30.00', '30.00', '0.34', '0.07', '0.04', '0.65', '3.60', '0.00', '0.03', '0.07', '0.11', '0.00', '235.00', '58.00', '0.20', '10.00', '0.15', '0.00', '14.00'),
(230, 230, '40.00', '2.00', '0.50', '8.70', '3.90', '14.00', '21.00', '0.40', '0.07', '0.04', '0.50', '11.00', '0.00', '0.00', '0.00', '0.10', '0.00', '320.00', '7.00', '0.13', '19.00', '0.15', '0.00', '16.00'),
(231, 231, '50.00', '2.48', '0.62', '10.81', '4.90', '17.00', '23.00', '0.47', '0.07', '0.05', '0.56', '9.50', '0.00', '0.03', '0.07', '0.14', '0.00', '358.00', '8.00', '0.15', '22.00', '0.17', '0.00', '16.00'),
(232, 232, '17.00', '1.21', '0.32', '3.11', '1.00', '16.00', '38.00', '0.37', '0.05', '0.09', '0.45', '17.90', '0.00', '0.02', '0.03', '0.07', '0.00', '261.00', '8.00', '0.32', '18.00', '0.16', '0.00', '24.00'),
(233, 233, '15.00', '1.14', '0.36', '2.69', '1.00', '18.00', '37.00', '0.37', '0.04', '0.02', '0.51', '12.90', '0.00', '0.00', '0.00', '0.00', '0.00', '264.00', '3.00', '0.33', '19.00', '0.08', '0.00', '28.00');
INSERT INTO `composicion_nutricional` (`com_nut_id`, `alimento_id`, `energia_kcal`, `proteinas_g`, `grasa_total_g`, `carbohidratos_g`, `fibra_dietetica_g`, `calcio_mg`, `fosforo_mg`, `hierro_mg`, `tiamina_mg`, `riboflavina_mg`, `niacina_mg`, `vitamina_c_mg`, `vitamina_a_equiv_retinol_mcg`, `acidos_grasos_monoinsaturados_g`, `acidos_grasos_poliinsaturados_g`, `acidos_grasos_saturados_g`, `colesterol_mg`, `potasio_mg`, `sodio_mg`, `zinc_mg`, `magnesio_mg`, `vitamina_b6_mg`, `vitamina_b12_mcg`, `folato_mcg`) VALUES
(234, 234, '160.00', '2.00', '14.66', '8.53', '6.70', '12.00', '52.00', '0.55', '0.07', '0.13', '1.74', '10.00', '0.00', '9.80', '1.82', '2.13', '0.00', '485.00', '7.00', '0.64', '29.00', '0.26', '0.00', '81.00'),
(235, 235, '120.00', '2.23', '10.06', '7.82', '5.60', '10.00', '40.00', '0.17', '0.02', '0.05', '0.67', '17.40', '0.00', '5.51', '1.68', '1.96', '0.00', '351.00', '2.00', '0.40', '24.00', '0.08', '0.00', '35.00'),
(236, 236, '456.00', '12.00', '46.30', '34.70', '8.60', '106.00', '537.00', '3.60', '0.17', '0.14', '1.70', '3.00', '5.00', '0.00', '0.00', '0.00', '0.00', '0.00', '0.00', '2.60', '0.00', '0.00', '0.00', '0.00'),
(237, 237, '26.00', '0.00', '0.00', '6.80', '2.80', '3.00', '12.00', '0.08', '0.01', '0.02', '0.37', '34.40', '0.00', '0.03', '0.18', '0.02', '0.00', '133.00', '2.00', '0.12', '10.00', '0.02', '0.00', '12.00'),
(238, 238, '82.00', '0.30', '0.10', '20.50', '6.00', '125.00', '94.00', '1.20', '0.06', '0.05', '0.50', '90.00', '5.00', '0.00', '0.00', '0.00', '0.00', '0.00', '0.00', '0.00', '0.00', '0.00', '0.00', '0.00'),
(239, 239, '91.00', '2.10', '2.30', '17.90', '0.00', '6.00', '2.00', '0.10', '0.00', '0.00', '0.00', '0.00', '0.00', '0.00', '0.00', '0.00', '0.00', '24.00', '3.00', '0.00', '2.00', '0.00', '0.00', '0.00'),
(240, 240, '31.00', '1.04', '0.33', '6.73', '0.40', '13.00', '12.00', '0.70', '0.02', '0.01', '0.10', '2.00', '0.00', '0.00', '0.00', '0.00', '0.00', '0.00', '0.00', '0.00', '0.00', '0.00', '0.00', '0.00'),
(241, 241, '50.00', '1.00', '0.30', '12.18', '3.00', '10.00', '26.00', '0.27', '0.10', '0.13', '0.64', '12.60', '0.00', '0.06', '0.19', '0.23', '0.00', '287.00', '7.00', '0.16', '17.00', '0.26', '0.00', '23.00'),
(242, 242, '67.00', '0.61', '0.15', '17.29', '1.40', '6.00', '16.00', '0.17', '0.03', '0.03', '0.42', '9.50', '0.00', '0.13', '0.04', '0.02', '0.00', '157.00', '0.00', '0.10', '7.00', '0.03', '0.00', '5.00'),
(243, 243, '75.00', '1.57', '0.68', '17.71', '1.60', '16.00', '15.00', '0.32', '0.03', '0.04', '0.40', '10.00', '0.00', '0.08', '0.09', '0.07', '0.00', '173.00', '3.00', '0.10', '9.00', '0.04', '0.00', '8.00'),
(244, 244, '184.00', '2.80', '3.20', '41.00', '1.50', '9.00', '18.00', '0.36', '0.02', '0.04', '0.40', '3.70', '0.00', '0.04', '0.05', '0.03', '0.00', '148.00', '3.00', '0.10', '9.00', '0.03', '0.00', '4.00'),
(245, 245, '339.00', '3.70', '0.73', '89.07', '1.40', '6.00', '16.00', '0.17', '0.03', '0.03', '0.42', '9.50', '0.00', '0.13', '0.04', '0.02', '0.00', '157.00', '0.00', '0.10', '7.00', '0.03', '0.00', '5.00'),
(246, 246, '46.00', '0.70', '0.28', '11.42', '1.10', '24.00', '20.00', '0.29', '0.03', '0.06', '0.08', '2.40', '0.00', '0.01', '0.00', '0.18', '0.00', '250.00', '105.00', '0.10', '25.00', '0.03', '0.00', '3.00'),
(247, 247, '46.00', '0.70', '0.28', '11.42', '2.20', '16.00', '100.00', '1.64', '0.03', '0.00', '0.76', '2.80', '0.00', '1.01', '0.26', '21.14', '0.00', '263.00', '15.00', '0.67', '37.00', '0.03', '0.00', '16.00'),
(248, 248, '19.00', '0.72', '0.20', '3.71', '9.00', '14.00', '113.00', '2.43', '0.07', '0.02', '0.54', '3.30', '0.00', '1.43', '0.37', '29.70', '0.00', '356.00', '20.00', '1.10', '32.00', '0.05', '0.00', '26.00'),
(249, 249, '230.00', '2.29', '23.84', '5.54', '16.30', '26.00', '206.00', '3.32', '0.06', '0.10', '0.60', '1.50', '0.00', '2.75', '0.71', '57.22', '0.00', '543.00', '37.00', '2.01', '90.00', '0.30', '0.00', '9.00'),
(250, 250, '354.00', '3.33', '33.49', '15.23', '0.00', '27.00', '47.00', '1.00', '0.05', '0.28', '1.38', '22.60', '140.00', '0.00', '0.00', '0.00', '0.00', '0.00', '0.00', '0.00', '0.00', '0.00', '0.00', '0.00'),
(251, 251, '660.00', '6.88', '64.53', '23.65', '1.50', '6.00', '20.00', '0.25', '0.02', '0.03', '0.81', '6.60', '0.00', '0.07', '0.09', '0.02', '0.00', '190.00', '0.00', '0.17', '9.00', '0.03', '0.00', '4.00'),
(252, 252, '88.00', '0.39', '0.07', '22.89', '1.00', '3.00', '11.00', '0.29', '0.01', '0.02', '0.52', '1.20', '0.00', '0.01', '0.01', '0.00', '0.00', '83.00', '8.00', '0.09', '5.00', '0.02', '0.00', '3.00'),
(253, 253, '39.00', '0.91', '0.25', '9.54', '2.00', '16.00', '24.00', '0.41', '0.02', '0.02', '0.39', '58.80', '0.00', '0.04', '0.16', '0.02', '0.00', '153.00', '1.00', '0.14', '13.00', '0.05', '0.00', '24.00'),
(254, 254, '96.00', '0.47', '0.03', '26.06', '1.50', '6.00', '20.00', '0.25', '0.02', '0.03', '0.81', '6.60', '0.00', '0.07', '0.09', '0.02', '0.00', '190.00', '0.00', '0.17', '9.00', '0.03', '0.00', '4.00'),
(255, 255, '39.00', '0.91', '0.25', '9.54', '4.90', '17.00', '30.00', '0.54', '0.11', '0.03', '0.90', '29.00', '0.00', '0.03', '0.07', '0.05', '0.00', '490.00', '2.00', '0.12', '25.00', '0.10', '0.00', '14.00'),
(256, 256, '103.00', '1.07', '0.23', '27.12', '10.40', '12.00', '68.00', '1.60', '0.00', '0.13', '1.50', '30.00', '0.00', '0.09', '0.41', '0.06', '0.00', '348.00', '28.00', '0.10', '29.00', '0.10', '0.00', '14.00'),
(257, 257, '32.00', '0.67', '0.30', '7.68', '3.30', '14.00', '27.00', '0.60', '0.07', '0.05', '0.90', '20.60', '0.00', '0.09', '0.07', '0.05', '0.00', '278.00', '14.00', '0.10', '21.00', '0.06', '0.00', '14.00'),
(258, 258, '97.00', '2.20', '0.70', '23.38', '5.40', '18.00', '40.00', '0.26', '0.07', '0.04', '1.08', '228.30', '0.00', '0.09', '0.40', '0.27', '0.00', '417.00', '2.00', '0.23', '22.00', '0.11', '0.00', '49.00'),
(259, 259, '33.00', '0.80', '0.40', '7.49', '1.50', '6.00', '20.00', '0.25', '0.02', '0.03', '0.81', '6.60', '0.00', '0.07', '0.09', '0.02', '0.00', '190.00', '0.00', '0.17', '9.00', '0.03', '0.00', '4.00'),
(260, 260, '159.00', '11.88', '0.94', '27.03', '2.90', '35.00', '14.00', '0.37', '0.06', '0.05', '0.40', '2.00', '0.00', '0.07', '0.14', '0.06', '0.00', '232.00', '1.00', '0.15', '17.00', '0.11', '0.00', '6.00'),
(261, 261, '66.00', '1.00', '0.30', '16.84', '0.00', '26.00', '10.00', '0.28', '0.02', '0.04', '0.42', '1.00', '0.00', '0.02', '0.05', '0.02', '0.00', '97.00', '1.00', '0.11', '10.00', '0.00', '0.00', '0.00'),
(262, 262, '68.00', '2.55', '0.95', '14.32', '0.85', '46.00', '105.00', '1.96', '0.08', '0.09', '0.82', '28.40', '0.00', '0.00', '0.00', '0.00', '0.00', '0.00', '0.00', '0.00', '0.00', '0.00', '0.00', '0.00'),
(263, 263, '39.00', '0.91', '0.25', '9.54', '4.90', '12.00', '18.00', '0.60', '0.02', '0.03', '0.20', '20.20', '0.00', '0.01', '0.04', '0.02', '0.00', '150.00', '4.00', '0.16', '12.00', '0.04', '0.00', '12.00'),
(264, 264, '74.00', '0.75', '0.30', '19.18', '3.00', '34.00', '34.00', '0.31', '0.03', '0.03', '0.34', '92.70', '0.00', '0.05', '0.29', '0.03', '0.00', '312.00', '3.00', '0.14', '17.00', '0.06', '0.00', '25.00'),
(265, 265, '107.00', '0.38', '0.10', '27.86', '2.80', '33.00', '18.00', '0.60', '0.03', '0.02', '0.20', '29.10', '0.00', '0.02', '0.06', '0.02', '0.00', '102.00', '2.00', '0.11', '6.00', '0.04', '0.00', '8.00'),
(266, 266, '38.00', '0.72', '0.09', '8.82', '2.80', '26.00', '16.00', '0.60', '0.04', '0.02', '0.10', '53.00', '0.00', '0.01', '0.09', '0.04', '0.00', '138.00', '2.00', '0.06', '8.00', '0.08', '0.00', '11.00'),
(267, 267, '61.00', '1.14', '0.52', '14.66', '0.30', '6.00', '8.00', '0.08', '0.02', '0.02', '0.09', '38.70', '0.00', '0.01', '0.02', '0.04', '0.00', '103.00', '1.00', '0.05', '6.00', '0.05', '0.00', '20.00'),
(268, 268, '30.00', '0.70', '0.20', '10.54', '1.80', '37.00', '20.00', '0.15', '0.06', '0.04', '0.38', '26.70', '0.00', '0.06', '0.07', '0.04', '0.00', '166.00', '2.00', '0.07', '12.00', '0.08', '0.00', '16.00'),
(269, 269, '29.00', '1.10', '0.30', '9.32', '1.60', '11.00', '14.00', '0.16', '0.03', '0.04', '0.67', '36.40', '0.00', '0.14', '0.07', '0.09', '0.00', '168.00', '1.00', '0.09', '10.00', '0.12', '0.00', '43.00'),
(270, 270, '22.00', '0.35', '0.24', '6.90', '2.40', '6.00', '11.00', '0.12', '0.02', '0.03', '0.09', '4.60', '0.00', '0.01', '0.05', '0.03', '0.00', '107.00', '1.00', '0.04', '5.00', '0.04', '0.00', '3.00'),
(271, 271, '53.00', '0.81', '0.31', '13.34', '1.14', '5.39', '50.69', '0.56', '0.00', '0.05', '0.00', '19.84', '0.00', '0.28', '0.94', '0.22', '0.00', '338.42', '1.58', '0.39', '27.97', '0.05', '0.00', '0.00'),
(272, 272, '60.00', '0.82', '0.38', '14.98', '1.50', '6.00', '20.00', '0.25', '0.02', '0.03', '0.81', '6.60', '0.00', '0.07', '0.09', '0.02', '0.00', '190.00', '0.00', '0.17', '9.00', '0.03', '0.00', '4.00'),
(273, 273, '52.00', '0.26', '0.17', '13.81', '0.90', '9.00', '15.00', '0.21', '0.04', '0.02', '0.73', '36.70', '0.00', '0.00', '0.08', '0.05', '0.00', '267.00', '16.00', '0.18', '12.00', '0.07', '0.00', '21.00'),
(274, 274, '68.44', '2.00', '2.10', '12.26', '0.80', '6.00', '11.00', '0.17', '0.04', '0.01', '0.42', '18.00', '0.00', '0.00', '0.06', '0.04', '0.00', '228.00', '18.00', '0.09', '10.00', '0.09', '0.00', '19.00'),
(275, 275, '39.00', '0.91', '0.25', '9.54', '1.90', '11.00', '17.00', '0.70', '0.02', '0.03', '0.20', '15.00', '0.00', '0.04', '0.05', '0.01', '0.00', '197.00', '4.00', '0.04', '8.00', '0.04', '0.00', '3.00'),
(276, 276, '34.00', '0.84', '0.19', '8.16', '0.20', '11.00', '17.00', '0.20', '0.09', '0.03', '0.40', '50.00', '0.00', '0.04', '0.04', '0.02', '0.00', '200.00', '1.00', '0.05', '11.00', '0.04', '0.00', '30.00'),
(277, 277, '36.00', '0.54', '0.14', '9.09', '2.40', '40.00', '14.00', '0.10', '0.09', '0.04', '0.28', '53.20', '0.00', '0.02', '0.03', '0.02', '0.00', '181.00', '0.00', '0.07', '10.00', '0.06', '0.00', '30.00'),
(278, 278, '57.00', '0.40', '0.10', '15.30', '1.10', '8.00', '12.00', '0.35', '0.05', '0.00', '1.45', '3.20', '0.00', '0.00', '0.00', '0.00', '0.00', '200.00', '4.00', '0.10', '11.00', '0.11', '0.00', '3.00'),
(279, 279, '43.00', '1.39', '0.49', '9.61', '1.70', '6.00', '26.00', '0.28', '0.03', '0.03', '1.13', '5.40', '0.00', '0.09', '0.11', '0.03', '0.00', '201.00', '0.00', '0.17', '9.00', '0.03', '0.00', '5.00'),
(280, 280, '47.00', '0.94', '0.12', '11.75', '1.70', '16.00', '27.00', '0.28', '0.02', '0.02', '0.18', '1.00', '0.00', '0.01', '0.09', '0.04', '0.00', '266.00', '1.00', '0.05', '13.00', '0.10', '0.00', '14.00'),
(281, 281, '45.00', '0.70', '0.20', '10.40', '1.70', '20.00', '10.00', '0.25', '0.02', '0.03', '0.36', '60.90', '0.00', '0.07', '0.06', '0.08', '0.00', '182.00', '8.00', '0.08', '21.00', '0.04', '0.00', '37.00'),
(282, 282, '25.00', '0.44', '0.22', '5.90', '2.19', '12.10', '9.34', '0.26', '0.25', '0.00', '0.00', '13.56', '0.00', '0.00', '0.00', '0.00', '0.00', '71.64', '0.70', '0.59', '24.62', '0.04', '0.00', '0.00'),
(283, 283, '44.00', '1.06', '0.32', '10.55', '3.70', '50.00', '101.00', '1.88', '0.11', '0.13', '0.77', '2.30', '0.00', '0.05', '0.04', '0.06', '0.00', '749.00', '11.00', '0.22', '32.00', '0.17', '0.00', '5.00'),
(284, 284, '47.00', '0.43', '0.20', '12.14', '4.00', '53.00', '115.00', '1.79', '0.01', '0.19', '1.14', '3.20', '0.00', '0.02', '0.14', '0.15', '0.00', '746.00', '12.00', '0.32', '35.00', '0.32', '0.00', '3.00'),
(285, 285, '43.00', '0.47', '0.26', '10.82', '0.00', '72.00', '112.00', '3.52', '0.12', '0.17', '3.00', '0.00', '0.00', '0.48', '0.16', '0.06', '0.00', '1058.00', '5.00', '0.75', '64.00', '0.75', '0.00', '2.00'),
(286, 286, '302.00', '3.39', '0.46', '79.52', '3.10', '9.00', '12.00', '0.18', '0.01', '0.03', '0.16', '4.30', '0.00', '0.08', '0.09', '0.02', '0.00', '116.00', '1.00', '0.10', '7.00', '0.03', '0.00', '7.00'),
(287, 287, '299.00', '3.07', '0.46', '79.18', '0.50', '30.00', '10.00', '0.30', '0.04', '0.05', '0.58', '29.70', '28.00', '0.00', '0.00', '0.00', '0.00', '0.00', '0.00', '0.00', '0.00', '0.00', '0.00', '0.00'),
(288, 288, '74.29', '1.00', '0.14', '19.41', '1.40', '13.00', '8.00', '0.29', '0.08', '0.03', '0.50', '47.80', '0.00', '0.01', '0.04', '0.01', '0.00', '109.00', '1.00', '0.12', '12.00', '0.11', '0.00', '18.00'),
(289, 289, '26.00', '0.30', '0.00', '7.00', '0.80', '14.00', '7.00', '0.38', '0.09', '0.03', '0.29', '7.40', '0.00', '0.01', '0.04', '0.01', '0.00', '104.00', '1.00', '0.12', '16.00', '0.07', '0.00', '5.00'),
(290, 290, '57.00', '0.36', '0.14', '15.23', '0.00', '29.00', '8.00', '0.07', '0.02', '0.03', '0.80', '22.30', '0.00', '0.00', '0.00', '0.00', '0.00', '123.00', '0.00', '0.06', '5.00', '0.00', '0.00', '0.00'),
(291, 291, '50.00', '0.54', '0.12', '13.12', '0.40', '7.00', '11.00', '0.24', '0.03', '0.02', '0.18', '8.10', '0.00', '0.04', '0.05', '0.02', '0.00', '112.00', '1.00', '0.10', '10.00', '0.05', '0.00', '3.00'),
(292, 292, '78.00', '0.35', '0.11', '20.20', '5.10', '74.00', '113.00', '2.80', '0.43', '0.15', '1.94', '3.50', '0.00', '0.18', '0.06', '0.27', '0.00', '628.00', '28.00', '0.10', '92.00', '0.07', '0.00', '14.00'),
(293, 293, '25.00', '0.60', '0.30', '5.70', '0.00', '18.00', '28.00', '0.20', '0.10', '0.04', '0.00', '2.30', '139.00', '0.00', '0.00', '0.00', '0.00', '0.00', '0.00', '0.00', '0.00', '0.00', '0.00', '0.00'),
(294, 294, '30.00', '0.61', '0.15', '7.55', '1.10', '12.00', '8.00', '0.06', '0.04', '0.02', '0.27', '33.30', '0.00', '0.01', '0.02', '0.01', '0.00', '148.00', '0.00', '0.07', '9.00', '0.04', '0.00', '10.00'),
(295, 295, '239.00', '2.80', '0.60', '62.50', '3.60', '56.00', '24.00', '0.30', '0.01', '0.06', '0.46', '14.00', '0.00', '0.08', '0.21', '0.07', '0.00', '220.00', '5.00', '0.12', '85.00', '0.06', '0.00', '6.00'),
(296, 296, '41.00', '1.30', '0.30', '9.80', '0.00', '9.00', '11.00', '0.20', '0.03', '0.04', '0.30', '26.30', '0.00', '0.00', '0.00', '0.00', '0.00', '103.00', '3.00', '0.00', '12.00', '0.00', '0.00', '0.00'),
(297, 297, '33.00', '0.69', '0.10', '8.41', '1.10', '12.00', '8.00', '0.09', '0.04', '0.02', '0.25', '34.40', '0.00', '0.01', '0.02', '0.01', '0.00', '139.00', '0.00', '0.07', '8.00', '0.04', '0.00', '10.00'),
(298, 298, '41.00', '0.73', '0.51', '9.57', '1.10', '12.00', '8.00', '0.06', '0.04', '0.02', '0.27', '33.30', '0.00', '0.01', '0.02', '0.01', '0.00', '148.00', '0.00', '0.07', '9.00', '0.04', '0.00', '10.00'),
(299, 299, '32.00', '0.63', '0.10', '8.08', '4.30', '25.00', '27.00', '0.31', '0.04', '0.03', '0.30', '27.70', '0.00', '0.05', '0.32', '0.04', '0.00', '198.00', '1.00', '0.12', '10.00', '0.08', '0.00', '6.00'),
(300, 300, '33.00', '0.69', '0.10', '8.41', '5.30', '29.00', '22.00', '0.62', '0.02', '0.03', '0.65', '21.00', '0.00', '0.05', '0.28', '0.01', '0.00', '162.00', '1.00', '0.53', '20.00', '0.03', '0.00', '25.00'),
(301, 301, '44.00', '0.88', '0.58', '10.18', '5.40', '18.00', '26.00', '0.78', '0.01', '0.12', '1.43', '23.00', '0.00', '0.10', '0.10', '0.17', '0.00', '454.00', '7.00', '0.19', '11.00', '0.72', '0.00', '7.00'),
(302, 302, '124.00', '1.45', '0.46', '32.10', '1.10', '6.00', '11.00', '0.28', '0.02', '0.02', '0.37', '1.90', '0.00', '0.01', '0.03', '0.01', '0.00', '86.00', '6.00', '0.08', '5.00', '0.05', '0.00', '3.00'),
(303, 303, '52.00', '10.90', '0.17', '0.73', '0.00', '7.00', '15.00', '0.08', '0.00', '0.44', '0.11', '0.00', '0.00', '0.00', '0.00', '0.00', '0.00', '163.00', '166.00', '0.03', '11.00', '0.01', '0.09', '4.00'),
(304, 304, '143.00', '12.56', '9.51', '0.72', '0.00', '129.00', '390.00', '2.73', '0.18', '0.53', '0.02', '0.00', '371.00', '11.74', '4.20', '9.55', '1085.00', '109.00', '48.00', '2.30', '5.00', '0.35', '1.95', '146.00'),
(305, 305, '158.00', '13.05', '11.09', '0.41', '0.00', '56.00', '198.00', '1.75', '0.04', '0.46', '0.08', '0.00', '160.00', '3.66', '1.91', '3.13', '372.00', '138.00', '142.00', '1.29', '12.00', '0.17', '0.89', '47.00'),
(306, 306, '143.00', '12.56', '9.51', '0.72', '0.00', '56.00', '198.00', '1.75', '0.04', '0.46', '0.08', '0.00', '160.00', '3.66', '1.91', '3.13', '372.00', '138.00', '142.00', '1.29', '12.00', '0.17', '0.89', '47.00'),
(307, 307, '322.00', '15.86', '26.54', '3.59', '0.00', '64.00', '226.00', '3.65', '0.13', '0.79', '0.15', '0.00', '155.00', '4.32', '1.32', '3.56', '844.00', '132.00', '141.00', '1.47', '13.00', '0.15', '1.58', '66.00'),
(308, 308, '144.00', '19.66', '6.65', '0.00', '0.00', '22.00', '402.00', '0.60', '0.24', '0.74', '1.80', '16.00', '90.00', '1.66', '2.66', '1.46', '374.00', '221.00', '91.00', '1.00', '20.00', '0.16', '10.00', '80.00'),
(309, 309, '86.00', '14.67', '0.96', '3.57', '0.00', '5.00', '255.00', '0.38', '0.08', '0.05', '7.76', '0.00', '36.00', '2.97', '1.15', '1.60', '66.00', '418.00', '81.00', '0.66', '29.00', '0.54', '1.70', '2.00'),
(310, 310, '116.00', '25.51', '0.82', '0.00', '0.00', '39.00', '198.00', '1.62', '0.02', '0.04', '0.35', '0.00', '90.00', '0.12', '0.19', '0.19', '30.00', '46.00', '601.00', '0.51', '19.00', '0.01', '11.28', '5.00'),
(311, 311, '198.00', '29.13', '8.21', '0.00', '0.00', '17.00', '139.00', '1.63', '0.03', '0.08', '10.14', '0.00', '17.00', '0.11', '0.28', '0.21', '36.00', '179.00', '247.00', '0.69', '23.00', '0.32', '2.55', '4.00'),
(312, 312, '86.00', '19.44', '0.96', '0.00', '0.00', '13.00', '311.00', '1.39', '0.04', '0.12', '12.40', '0.00', '23.00', '2.95', '2.89', '1.53', '18.00', '207.00', '354.00', '0.90', '31.00', '0.11', '2.20', '5.00'),
(313, 313, '290.00', '62.82', '2.37', '0.00', '0.00', '14.00', '209.00', '0.30', '0.21', '0.07', '1.91', '0.70', '15.00', '0.84', '0.87', '0.72', '58.00', '358.00', '43.00', '0.51', '23.00', '0.12', '2.23', '10.00'),
(314, 314, '95.00', '16.38', '2.82', '0.00', '0.00', '5.00', '255.00', '0.38', '0.08', '0.05', '7.76', '0.00', '36.00', '2.97', '1.15', '1.60', '66.00', '418.00', '81.00', '0.66', '29.00', '0.54', '1.70', '2.00'),
(315, 315, '144.00', '19.66', '6.65', '0.00', '0.00', '8.00', '254.00', '1.02', '0.24', '0.25', '8.65', '0.00', '655.00', '1.60', '1.43', '1.26', '38.00', '252.00', '39.00', '0.60', '50.00', '0.46', '9.43', '2.00'),
(316, 316, '144.00', '23.33', '4.90', '0.00', '0.00', '32.00', '221.00', '0.68', '0.02', '0.41', '2.18', '4.70', '10.00', '0.11', '0.52', '0.36', '233.00', '246.00', '44.00', '1.53', '33.00', '0.06', '1.30', '5.00'),
(317, 317, '92.00', '15.58', '1.38', '3.08', '0.00', '64.00', '214.00', '0.52', '0.00', '0.00', '0.00', '0.00', '0.00', '0.09', '0.15', '0.10', '161.00', '264.00', '119.00', '1.34', '35.00', '0.00', '0.00', '0.00'),
(318, 318, '85.00', '20.10', '0.51', '0.00', '0.00', '70.00', '237.00', '0.51', '0.00', '0.00', '0.00', '0.00', '0.00', '0.05', '0.08', '0.06', '189.00', '259.00', '111.00', '1.64', '39.00', '0.00', '0.00', '0.00'),
(319, 319, '99.00', '23.98', '0.28', '0.20', '0.00', '10.00', '272.00', '3.50', '0.01', '0.12', '1.40', '0.00', '30.00', '0.26', '0.25', '0.36', '50.00', '382.00', '70.00', '1.00', '250.00', '0.13', '0.50', '6.00'),
(320, 320, '90.00', '18.50', '1.18', '0.00', '0.00', '5.00', '255.00', '0.38', '0.08', '0.05', '7.76', '0.00', '36.00', '2.97', '1.15', '1.60', '66.00', '418.00', '81.00', '0.66', '29.00', '0.54', '1.70', '2.00'),
(321, 321, '83.00', '17.88', '0.74', '0.00', '0.00', '15.00', '210.00', '0.37', '0.08', '0.10', '4.20', '0.00', '12.00', '1.15', '0.46', '1.09', '61.00', '345.00', '56.00', '0.42', '40.00', '0.30', '2.50', '15.00'),
(322, 322, '90.00', '16.10', '1.40', '2.00', '0.00', '84.00', '161.00', '0.26', '0.02', '0.01', '1.59', '0.00', '1.00', '0.22', '0.30', '0.18', '127.00', '200.00', '423.00', '3.53', '38.00', '0.10', '1.25', '10.00'),
(323, 323, '104.00', '17.78', '3.17', '0.00', '0.00', '25.00', '218.00', '0.55', '0.05', '0.03', '1.87', '0.50', '15.00', '0.18', '0.31', '0.16', '107.00', '261.00', '62.00', '1.01', '30.00', '0.08', '2.10', '30.00'),
(324, 324, '77.00', '16.52', '0.75', '0.00', '0.00', '21.00', '252.00', '0.18', '0.02', '0.02', '1.04', '0.00', '10.00', '0.54', '0.37', '0.44', '45.00', '160.00', '296.00', '0.32', '18.00', '0.10', '1.13', '5.00'),
(325, 325, '72.00', '14.85', '0.97', '0.00', '0.00', '27.00', '162.00', '0.89', '0.07', '0.01', '0.31', '0.00', '43.00', '0.20', '0.32', '0.23', '37.00', '483.00', '53.00', '0.48', '31.00', '0.30', '0.60', '9.00'),
(326, 326, '70.00', '12.41', '1.93', '0.00', '0.00', '8.00', '162.00', '5.11', '0.07', '0.23', '2.01', '8.00', '81.00', '0.36', '0.89', '0.51', '50.00', '168.00', '106.00', '16.62', '22.00', '0.05', '16.00', '10.00'),
(327, 327, '81.00', '9.45', '2.30', '4.95', '0.00', '22.00', '195.00', '0.60', '0.56', '0.12', '3.00', '0.00', '40.00', '2.59', '1.14', '3.51', '50.00', '381.00', '65.00', '0.72', '27.00', '0.20', '1.30', '15.00'),
(328, 328, '164.00', '18.48', '9.47', '0.00', '0.00', '32.00', '198.00', '0.18', '0.05', '0.00', '0.28', '1.60', '32.00', '0.25', '0.46', '0.29', '37.00', '417.00', '64.00', '0.36', '32.00', '0.40', '3.00', '5.00'),
(329, 329, '100.00', '20.51', '1.34', '0.00', '0.00', '160.00', '950.00', '2.50', '0.27', '0.24', '7.50', '3.50', '42.00', '0.34', '0.80', '0.46', '152.00', '1458.00', '7027.00', '1.59', '133.00', '0.86', '10.00', '25.00'),
(330, 330, '143.00', '22.32', '6.42', '1.50', '0.00', '8.00', '254.00', '1.02', '0.24', '0.25', '8.65', '0.00', '655.00', '1.60', '1.43', '1.26', '38.00', '252.00', '39.00', '0.60', '50.00', '0.46', '9.43', '2.00'),
(331, 331, '144.00', '19.66', '6.65', '0.00', '0.00', '53.00', '186.00', '5.30', '0.03', '0.04', '2.10', '5.00', '45.00', '0.16', '0.24', '0.23', '48.00', '350.00', '230.00', '1.68', '30.00', '0.36', '20.00', '16.00'),
(332, 332, '92.00', '19.38', '1.02', '0.00', '0.00', '11.00', '110.00', '0.40', '0.07', '0.06', '2.00', '1.00', '11.00', '0.10', '0.00', '0.20', '44.00', '195.00', '62.00', '0.50', '34.00', '0.22', '0.84', '10.00'),
(333, 333, '158.00', '20.07', '7.89', '0.00', '0.00', '10.00', '266.00', '0.42', '0.18', '0.12', '8.14', '0.00', '58.00', '1.86', '1.95', '1.18', '53.00', '343.00', '112.00', '0.42', '30.00', '0.61', '5.95', '8.00'),
(334, 334, '130.00', '20.98', '4.51', '0.00', '0.00', '382.00', '490.00', '2.92', '0.08', '0.23', '5.25', '0.00', '32.00', '3.87', '5.15', '1.53', '142.00', '397.00', '505.00', '1.31', '39.00', '0.17', '8.94', '10.00'),
(335, 335, '144.00', '23.33', '4.90', '0.00', '0.10', '240.00', '366.00', '2.30', '0.04', '0.23', '4.20', '1.00', '32.00', '4.82', '2.11', '2.68', '61.00', '341.00', '414.00', '1.40', '34.00', '0.12', '9.00', '24.00'),
(336, 336, '82.00', '14.91', '1.04', '2.20', '0.00', '23.00', '125.00', '1.16', '0.11', '0.42', '8.32', '2.00', '19.00', '2.63', '1.94', '2.25', '47.00', '406.00', '86.00', '0.67', '28.00', '0.33', '4.40', '2.00'),
(337, 337, '84.00', '18.20', '0.70', '0.00', '0.00', '10.00', '170.00', '0.56', '0.04', '0.06', '3.90', '0.00', '0.00', '0.50', '0.36', '0.59', '50.00', '302.00', '52.00', '0.33', '27.00', '0.16', '1.58', '24.00'),
(338, 338, '142.00', '21.31', '5.61', '0.00', '0.00', '34.00', '210.00', '0.84', '0.04', '0.06', '2.94', '0.00', '70.00', '1.81', '1.20', '0.93', '51.00', '160.00', '79.00', '0.43', '49.00', '0.40', '1.49', '3.00'),
(339, 339, '208.00', '24.62', '11.45', '0.00', '0.00', '43.00', '245.00', '1.50', '0.35', '0.33', '4.50', '0.50', '17.00', '3.25', '1.50', '1.15', '58.00', '361.00', '52.00', '0.66', '22.00', '0.20', '7.79', '13.00'),
(340, 340, '185.00', '20.86', '10.45', '0.54', '0.00', '11.00', '163.00', '1.53', '0.03', '0.07', '13.28', '0.00', '0.00', '0.16', '0.34', '0.23', '30.00', '237.00', '50.00', '0.77', '27.00', '0.35', '2.99', '4.00'),
(341, 341, '96.00', '20.08', '1.70', '0.00', '0.00', '145.00', '195.00', '2.13', '0.01', '0.02', '0.56', '4.10', '0.00', '0.11', '0.68', '0.19', '252.00', '80.00', '777.00', '1.96', '33.00', '0.01', '0.74', '9.00'),
(342, 342, '148.00', '20.77', '6.61', '0.00', '0.00', '91.00', '234.00', '0.50', '0.02', '0.09', '2.75', '3.30', '1.00', '0.13', '0.26', '0.20', '97.00', '259.00', '395.00', '3.81', '36.00', '0.16', '3.33', '51.00'),
(343, 343, '124.00', '21.90', '3.99', '0.21', '0.00', '14.00', '209.00', '2.20', '0.08', '0.17', '5.19', '0.00', '2.00', '2.16', '0.29', '1.75', '66.00', '359.00', '81.00', '5.51', '20.00', '0.57', '2.42', '4.00'),
(344, 344, '223.00', '18.87', '15.75', '0.00', '0.00', '7.00', '178.00', '1.92', '0.10', '0.16', '3.25', '0.00', '0.00', '6.82', '0.58', '6.37', '65.00', '309.00', '58.00', '3.79', '19.00', '0.39', '2.97', '7.00'),
(345, 345, '223.00', '18.87', '15.75', '0.00', '0.00', '7.00', '178.00', '1.92', '0.10', '0.16', '3.25', '0.00', '0.00', '6.82', '0.58', '6.37', '65.00', '309.00', '58.00', '3.79', '19.00', '0.39', '2.97', '7.00'),
(346, 346, '122.00', '16.47', '5.68', '0.21', '0.00', '6.00', '175.00', '4.60', '0.37', '0.99', '6.14', '5.00', '0.00', '1.60', '0.55', '2.25', '135.00', '316.00', '89.00', '1.87', '17.00', '0.39', '10.25', '2.00'),
(347, 347, '230.00', '17.91', '17.07', '0.00', '0.00', '9.00', '170.00', '1.66', '0.13', '0.23', '6.26', '0.00', '0.00', '7.00', '1.35', '7.43', '69.00', '249.00', '56.00', '3.32', '23.00', '0.15', '2.50', '19.00'),
(348, 348, '97.00', '15.74', '2.95', '0.82', '0.00', '13.00', '246.00', '6.38', '0.62', '2.24', '7.51', '11.00', '95.00', '0.63', '0.55', '1.00', '337.00', '277.00', '156.00', '2.24', '17.00', '0.22', '52.41', '28.00'),
(349, 349, '111.00', '14.20', '5.60', '0.00', '0.00', '17.00', '130.00', '2.10', '0.02', '0.24', '1.80', '0.00', '0.00', '0.00', '0.00', '0.00', '0.00', '0.00', '0.00', '4.10', '0.00', '0.00', '0.00', '0.00'),
(350, 350, '145.00', '21.22', '6.06', '0.00', '0.00', '15.00', '171.00', '2.09', '0.04', '0.15', '4.65', '0.00', '0.00', '6.56', '0.43', '5.87', '68.00', '295.00', '66.00', '4.48', '18.00', '0.35', '2.17', '6.00'),
(351, 351, '310.00', '16.32', '26.63', '0.00', '0.00', '21.00', '145.00', '1.79', '0.04', '0.14', '3.80', '0.00', '0.00', '8.63', '0.52', '9.48', '75.00', '244.00', '67.00', '3.87', '15.00', '0.30', '2.11', '8.00'),
(352, 352, '142.00', '20.49', '6.06', '0.00', '0.00', '9.00', '159.00', '1.77', '0.08', '0.13', '2.85', '0.00', '0.00', '10.32', '0.86', '9.88', '70.00', '278.00', '55.00', '3.79', '17.00', '0.32', '2.86', '5.00'),
(353, 353, '138.00', '20.48', '5.64', '0.00', '0.00', '3.00', '126.00', '1.10', '0.05', '0.09', '2.10', '0.00', '0.00', '10.30', '0.00', '12.00', '62.00', '220.00', '34.00', '2.60', '15.00', '0.21', '1.21', '4.00'),
(354, 354, '277.00', '15.47', '23.40', '0.00', '0.00', '19.00', '200.00', '2.21', '0.07', '0.17', '4.83', '0.00', '2.00', '3.43', '0.36', '2.87', '74.00', '393.00', '86.00', '8.29', '21.00', '0.44', '2.98', '3.00'),
(355, 355, '216.00', '18.95', '14.95', '0.00', '0.00', '8.00', '155.00', '1.74', '0.08', '0.14', '2.64', '0.00', '0.00', '10.65', '0.91', '10.28', '70.00', '266.00', '56.00', '3.84', '16.00', '0.29', '2.75', '5.00'),
(356, 356, '120.00', '20.26', '3.77', '0.00', '0.00', '8.00', '181.00', '2.42', '0.07', '0.16', '5.16', '0.00', '0.00', '0.84', '0.07', '0.95', '79.00', '235.00', '2790.00', '4.93', '19.00', '0.39', '1.59', '10.00'),
(357, 357, '216.00', '18.95', '14.95', '0.00', '0.00', '7.00', '178.00', '1.92', '0.10', '0.16', '3.25', '0.00', '0.00', '6.82', '0.58', '6.37', '65.00', '309.00', '58.00', '3.79', '19.00', '0.39', '2.97', '7.00'),
(358, 358, '288.00', '16.75', '23.95', '0.00', '0.00', '15.00', '152.00', '1.61', '0.11', '0.21', '6.47', '0.00', '0.00', '10.94', '2.08', '11.76', '74.00', '214.00', '56.00', '2.53', '21.00', '0.13', '2.04', '17.00'),
(359, 359, '291.00', '16.10', '24.70', '0.00', '0.00', '11.00', '219.00', '0.62', '0.66', '0.27', '4.83', '0.00', '2.00', '1.64', '0.71', '1.21', '62.00', '427.00', '90.00', '2.41', '20.00', '0.49', '0.55', '0.00'),
(360, 360, '295.00', '16.52', '24.85', '0.00', '0.00', '11.00', '187.00', '1.57', '0.15', '0.31', '6.15', '0.00', '0.00', '2.32', '0.31', '2.58', '76.00', '156.00', '52.00', '2.88', '17.00', '0.12', '2.48', '0.00'),
(361, 361, '223.00', '18.87', '15.75', '0.00', '0.00', '10.00', '195.00', '1.75', '0.16', '0.32', '5.56', '0.00', '0.00', '2.29', '0.27', '2.31', '63.00', '328.00', '80.00', '3.50', '23.00', '0.41', '3.01', '0.00'),
(362, 362, '133.00', '20.52', '5.71', '0.00', '0.00', '19.00', '200.00', '0.86', '0.84', '0.25', '4.50', '0.50', '2.00', '6.63', '1.55', '5.28', '67.00', '335.00', '55.00', '2.01', '21.00', '0.45', '0.66', '5.00'),
(363, 363, '215.00', '18.59', '15.00', '0.00', '0.00', '19.00', '200.00', '0.86', '0.84', '0.25', '4.50', '0.50', '2.00', '6.63', '1.55', '5.28', '67.00', '335.00', '55.00', '2.01', '21.00', '0.45', '0.66', '5.00'),
(364, 364, '293.00', '15.76', '25.00', '0.00', '0.00', '13.00', '217.00', '0.82', '0.65', '0.26', '5.59', '0.20', '1.00', '1.31', '0.33', '1.02', '64.00', '364.00', '59.00', '2.20', '24.00', '0.65', '0.64', '2.00'),
(365, 365, '153.00', '31.10', '1.94', '2.76', '0.00', '8.00', '181.00', '2.42', '0.07', '0.16', '5.16', '0.00', '0.00', '0.84', '0.07', '0.95', '79.00', '235.00', '2790.00', '4.93', '19.00', '0.39', '1.59', '10.00'),
(366, 366, '192.00', '19.89', '11.84', '0.00', '0.00', '19.00', '155.00', '0.69', '0.60', '0.21', '3.85', '0.40', '2.00', '15.93', '3.80', '12.44', '74.00', '253.00', '42.00', '1.59', '13.00', '0.28', '0.61', '4.00'),
(367, 367, '223.00', '18.87', '15.75', '0.00', '0.00', '17.00', '130.00', '2.10', '0.02', '0.24', '1.80', '0.00', '0.00', '0.00', '0.00', '0.00', '0.00', '0.00', '0.00', '4.10', '0.00', '0.00', '0.00', '0.00'),
(368, 368, '139.00', '20.38', '5.02', '1.78', '0.00', '19.00', '200.00', '0.86', '0.84', '0.25', '4.50', '0.50', '2.00', '6.63', '1.55', '5.28', '67.00', '335.00', '55.00', '2.01', '21.00', '0.45', '0.66', '5.00'),
(369, 369, '109.00', '21.00', '2.10', '0.00', '0.00', '16.00', '48.00', '1.02', '0.02', '0.09', '0.22', '1.10', '0.00', '5.37', '0.97', '7.62', '154.00', '18.00', '24.00', '1.02', '6.00', '0.01', '0.82', '3.00'),
(370, 370, '134.00', '21.20', '4.82', '0.00', '0.00', '20.00', '204.00', '2.32', '0.10', '0.22', '5.74', '0.00', '0.00', '1.76', '0.15', '1.28', '39.00', '387.00', '63.00', '6.94', '14.00', '0.47', '3.33', '8.00'),
(371, 371, '153.00', '31.10', '1.94', '2.76', '0.00', '5.00', '108.00', '0.52', '0.40', '0.24', '4.65', '0.30', '3.00', '24.70', '5.65', '19.33', '72.00', '185.00', '32.00', '1.02', '4.00', '0.13', '0.84', '1.00'),
(372, 372, '216.00', '18.95', '14.95', '0.00', '0.00', '7.00', '212.00', '4.31', '0.24', '0.91', '7.53', '2.00', '0.00', '1.14', '0.55', '1.38', '124.00', '287.00', '98.00', '1.70', '21.00', '0.28', '8.55', '3.00'),
(373, 373, '236.00', '17.18', '17.99', '0.00', '0.00', '15.00', '141.00', '0.91', '0.32', '0.25', '4.66', '0.00', '0.00', '8.54', '3.95', '7.53', '80.00', '242.00', '81.00', '2.50', '16.00', '0.57', '0.38', '0.00'),
(374, 374, '518.00', '9.34', '53.01', '0.00', '0.00', '15.00', '182.00', '1.05', '0.77', '0.28', '3.83', '0.70', '2.00', '8.01', '1.92', '6.24', '71.00', '302.00', '65.00', '2.70', '18.00', '0.35', '0.74', '5.00'),
(375, 375, '134.00', '21.39', '3.65', '2.47', '0.00', '24.00', '197.00', '1.54', '0.08', '0.12', '5.67', '0.00', '0.00', '2.47', '0.23', '2.51', '62.00', '326.00', '54.00', '3.60', '22.00', '0.59', '1.01', '11.00'),
(376, 376, '212.00', '23.16', '12.59', '0.00', '0.00', '7.00', '178.00', '1.92', '0.10', '0.16', '3.25', '0.00', '0.00', '6.82', '0.58', '6.37', '65.00', '309.00', '58.00', '3.79', '19.00', '0.39', '2.97', '7.00'),
(377, 377, '85.00', '14.08', '2.72', '0.00', '0.00', '12.00', '234.00', '2.50', '0.09', '0.25', '3.61', '4.20', '17.00', '17.77', '3.76', '9.78', '80.00', '308.00', '73.00', '1.72', '18.00', '0.39', '0.34', '4.00'),
(378, 378, '100.00', '16.46', '3.25', '0.00', '0.00', '11.00', '183.00', '0.86', '0.05', '0.19', '7.63', '0.00', '17.00', '1.83', '1.47', '1.46', '72.00', '224.00', '112.00', '1.78', '25.00', '0.60', '1.22', '7.00'),
(379, 379, '182.00', '7.64', '16.61', '0.00', '0.00', '8.00', '297.00', '8.99', '0.31', '1.78', '9.73', '17.90', '3290.00', '1.25', '1.31', '1.56', '345.00', '230.00', '71.00', '2.67', '19.00', '0.85', '16.58', '588.00'),
(380, 380, '190.00', '16.70', '13.60', '0.00', '0.00', '5.00', '387.00', '4.90', '0.19', '2.76', '13.18', '1.30', '4948.00', '0.48', '0.47', '1.23', '275.00', '313.00', '69.00', '4.00', '18.00', '1.08', '59.30', '290.00'),
(381, 381, '455.00', '24.10', '38.27', '1.86', '0.00', '7.00', '201.00', '0.71', '0.78', '0.19', '4.46', '34.90', '0.00', '8.70', '1.64', '6.62', '56.00', '310.00', '1284.00', '1.76', '15.00', '0.41', '0.74', '1.00'),
(382, 382, '136.00', '20.05', '5.55', '0.00', '0.00', '7.00', '201.00', '0.71', '0.78', '0.19', '4.46', '34.90', '0.00', '8.70', '1.64', '6.62', '56.00', '310.00', '1284.00', '1.76', '15.00', '0.41', '0.74', '1.00'),
(383, 383, '371.00', '15.86', '33.62', '0.00', '0.00', '5.00', '294.00', '1.27', '0.00', '0.00', '0.00', '0.00', '0.00', '1.14', '0.70', '1.06', '67.00', '290.00', '1127.00', '2.59', '22.00', '0.00', '0.00', '0.00'),
(384, 384, '246.00', '18.49', '18.52', '0.06', '0.00', '6.00', '133.00', '2.95', '0.13', '0.34', '4.24', '3.10', '0.00', '7.24', '0.90', '7.00', '87.00', '315.00', '69.00', '2.87', '16.00', '0.31', '3.79', '7.00'),
(385, 385, '113.00', '18.20', '4.10', '0.90', '0.00', '12.00', '157.00', '3.20', '0.09', '0.19', '5.00', '0.00', '0.00', '0.00', '0.00', '0.00', '0.00', '0.00', '0.00', '3.20', '0.00', '0.00', '0.00', '0.00'),
(386, 386, '113.00', '18.20', '4.10', '0.90', '0.00', '18.00', '142.00', '1.18', '0.57', '0.17', '3.25', '2.00', '0.00', '14.34', '4.03', '11.27', '76.00', '253.00', '731.00', '1.79', '14.00', '0.30', '0.91', '8.00'),
(387, 387, '246.00', '18.49', '18.52', '0.06', '0.00', '69.00', '64.00', '0.59', '0.00', '0.06', '0.88', '0.00', '0.00', '1.53', '0.18', '1.29', '122.00', '67.00', '97.00', '1.42', '13.00', '0.01', '1.39', '5.00'),
(388, 388, '135.00', '21.00', '5.00', '0.00', '0.00', '6.00', '22.00', '6.40', '0.07', '0.13', '1.20', '0.00', '0.00', '15.90', '3.46', '13.40', '120.00', '38.00', '680.00', '1.30', '8.00', '0.04', '1.00', '5.00'),
(389, 389, '346.00', '14.25', '31.33', '0.65', '0.00', '18.00', '97.00', '1.40', '0.12', '0.15', '2.67', '0.00', '0.00', '11.38', '3.12', '9.51', '56.00', '163.00', '1246.00', '2.10', '11.00', '0.13', '1.48', '3.00'),
(390, 390, '85.00', '12.07', '3.69', '0.00', '0.00', '11.00', '139.00', '0.77', '0.52', '0.16', '3.90', '0.00', '0.00', '9.73', '2.11', '6.84', '59.00', '281.00', '907.00', '2.03', '14.00', '0.27', '0.93', '5.00'),
(391, 391, '379.00', '14.60', '34.50', '1.29', '0.00', '12.00', '248.00', '3.54', '0.21', '0.22', '6.05', '5.20', '73.00', '9.72', '3.07', '8.43', '95.00', '199.00', '54.00', '2.20', '22.00', '0.41', '0.40', '6.00'),
(392, 392, '311.00', '16.37', '25.39', '3.05', '0.00', '2.00', '104.00', '0.90', '0.04', '0.08', '1.70', '0.00', '0.00', '0.90', '0.00', '0.80', '32.00', '182.00', '29.00', '2.20', '12.00', '0.17', '1.00', '3.00'),
(393, 393, '247.00', '15.30', '19.87', '0.73', '0.00', '52.00', '26.00', '1.00', '0.03', '0.13', '0.40', '0.00', '0.00', '0.00', '0.00', '0.00', '0.00', '0.00', '0.00', '2.20', '0.00', '0.00', '0.00', '0.00'),
(394, 394, '128.00', '21.75', '3.85', '0.00', '0.00', '70.00', '75.00', '0.58', '0.03', '0.11', '1.13', '0.00', '0.00', '6.29', '1.09', '3.57', '88.00', '63.00', '132.00', '0.76', '6.00', '0.05', '0.52', '10.00'),
(395, 395, '294.00', '18.47', '23.80', '0.00', '0.00', '11.00', '139.00', '2.40', '0.20', '0.21', '3.93', '2.80', '50.00', '18.69', '5.08', '13.22', '76.00', '209.00', '63.00', '1.36', '15.00', '0.19', '0.25', '13.00'),
(396, 396, '319.00', '14.20', '28.00', '1.50', '0.00', '70.00', '200.00', '5.50', '0.03', '0.60', '3.30', '2.00', '991.00', '12.36', '3.16', '9.57', '255.00', '138.00', '697.00', '2.85', '13.00', '0.06', '3.20', '60.00'),
(397, 397, '404.00', '11.49', '39.34', '0.00', '0.00', '22.00', '177.00', '1.62', '0.36', '0.32', '4.64', '0.70', '0.00', '17.17', '3.43', '14.86', '105.00', '279.00', '1761.00', '2.50', '21.00', '0.35', '1.73', '5.00'),
(398, 398, '141.00', '21.64', '5.64', '0.00', '0.00', '6.00', '192.00', '2.35', '0.12', '0.19', '3.44', '0.00', '0.00', '1.97', '0.29', '1.41', '59.00', '354.00', '64.00', '4.83', '22.00', '0.41', '3.21', '7.00'),
(399, 399, '494.00', '22.68', '43.98', '0.00', '0.00', '12.00', '132.00', '0.95', '0.05', '0.09', '5.93', '0.70', '44.00', '6.35', '3.39', '4.48', '77.00', '156.00', '73.00', '1.33', '18.00', '0.35', '0.32', '4.00'),
(400, 400, '215.00', '18.60', '15.06', '0.00', '0.00', '8.00', '158.00', '0.67', '0.07', '0.13', '4.64', '0.00', '23.00', '6.89', '3.45', '4.48', '98.00', '205.00', '77.00', '1.25', '19.00', '0.34', '0.64', '3.00'),
(401, 401, '222.00', '18.33', '15.97', '0.00', '0.00', '11.00', '174.00', '0.74', '0.06', '0.09', '9.91', '0.00', '24.00', '3.82', '1.96', '2.66', '64.00', '220.00', '63.00', '0.80', '25.00', '0.53', '0.34', '4.00'),
(402, 402, '153.00', '15.55', '9.33', '0.71', '0.00', '9.00', '155.00', '0.69', '0.07', '0.14', '4.73', '0.20', '28.00', '6.62', '3.35', '4.37', '93.00', '203.00', '84.00', '1.47', '19.00', '0.32', '0.56', '4.00'),
(403, 403, '119.00', '16.92', '4.83', '0.73', '0.00', '11.00', '147.00', '0.90', '0.06', '0.12', '6.80', '1.60', '41.00', '6.24', '3.23', '4.31', '75.00', '189.00', '70.00', '1.31', '20.00', '0.35', '0.31', '6.00'),
(404, 404, '119.00', '16.92', '4.83', '0.73', '0.00', '12.00', '177.00', '5.96', '0.15', '0.73', '4.88', '3.20', '9.00', '2.37', '2.71', '2.66', '136.00', '176.00', '74.00', '6.59', '15.00', '0.36', '7.29', '72.00'),
(405, 405, '219.00', '16.24', '16.61', '0.25', '0.00', '8.00', '297.00', '8.99', '0.31', '1.78', '9.73', '17.90', '3290.00', '1.25', '1.31', '1.56', '345.00', '230.00', '71.00', '2.67', '19.00', '0.85', '16.58', '588.00'),
(406, 406, '172.00', '20.85', '9.25', '0.00', '0.00', '10.00', '224.00', '7.95', '0.05', '0.23', '4.00', '38.50', '14.00', '0.64', '0.34', '0.86', '242.00', '340.00', '198.00', '1.61', '14.00', '0.04', '3.81', '11.00'),
(407, 407, '214.00', '16.37', '15.95', '0.17', '0.00', '7.00', '196.00', '18.90', '0.09', '0.43', '3.35', '12.30', '0.00', '0.61', '0.34', '0.96', '320.00', '303.00', '153.00', '2.03', '14.00', '0.10', '2.75', '3.00'),
(408, 408, '92.00', '16.20', '2.50', '0.00', '0.00', '16.00', '56.00', '1.50', '0.02', '0.12', '0.44', '0.00', '0.00', '5.60', '1.13', '3.40', '69.00', '31.00', '941.00', '0.97', '9.00', '0.19', '1.05', '2.00'),
(409, 409, '157.00', '13.83', '10.90', '0.00', '0.00', '9.00', '159.00', '1.77', '0.08', '0.13', '2.85', '0.00', '0.00', '10.32', '0.86', '9.88', '70.00', '278.00', '55.00', '3.79', '17.00', '0.32', '2.86', '5.00'),
(410, 410, '112.00', '17.72', '3.94', '0.14', '0.00', '7.00', '144.00', '1.72', '0.09', '0.24', '4.90', '0.00', '5.00', '6.77', '0.69', '6.29', '61.00', '268.00', '52.00', '5.13', '21.00', '0.40', '1.66', '3.00'),
(411, 411, '135.00', '20.36', '3.63', '3.89', '0.00', '9.00', '204.00', '4.89', '0.34', '1.70', '8.21', '13.30', '59.00', '1.07', '0.26', '1.04', '319.00', '229.00', '121.00', '2.75', '17.00', '0.44', '8.49', '42.00'),
(412, 412, '224.00', '14.90', '16.09', '3.68', '0.00', '13.00', '257.00', '4.60', '0.36', '2.84', '8.03', '9.40', '419.00', '0.59', '0.55', '0.87', '411.00', '262.00', '182.00', '1.92', '17.00', '0.67', '27.50', '98.00'),
(413, 413, '76.00', '13.30', '2.20', '0.00', '0.00', '15.00', '191.00', '1.56', '0.37', '0.36', '6.05', '0.00', '0.00', '11.13', '2.53', '9.32', '89.00', '316.00', '1740.00', '2.93', '19.00', '0.46', '1.52', '3.00'),
(414, 414, '129.00', '19.63', '5.02', '0.00', '0.00', '11.00', '164.00', '0.85', '0.02', '0.10', '4.72', '0.00', '26.00', '2.02', '1.00', '0.93', '23.00', '175.00', '784.00', '0.31', '18.00', '0.28', '3.26', '2.00'),
(415, 415, '99.00', '17.40', '3.09', '0.29', '0.00', '99.00', '206.00', '1.09', '0.06', '0.12', '2.67', '0.00', '0.00', '11.39', '4.40', '7.67', '77.00', '152.00', '1090.00', '1.20', '15.00', '0.17', '1.57', '6.00'),
(416, 416, '143.00', '10.86', '10.30', '1.05', '0.00', '148.00', '172.00', '1.47', '0.04', '0.18', '3.68', '0.00', '0.00', '5.74', '3.95', '4.03', '77.00', '392.00', '911.00', '1.84', '14.00', '0.14', '0.82', '9.00'),
(417, 417, '85.00', '12.07', '3.69', '0.00', '0.40', '74.00', '162.00', '1.17', '0.06', '0.26', '4.69', '0.00', '0.00', '5.93', '3.87', '3.86', '96.00', '202.00', '756.00', '1.11', '20.00', '0.32', '0.54', '7.00'),
(418, 418, '234.00', '15.40', '18.70', '0.00', '0.10', '12.00', '155.00', '0.91', '0.30', '0.17', '3.16', '0.40', '1.00', '1.19', '0.36', '0.97', '44.00', '261.00', '983.00', '1.93', '18.00', '0.27', '0.54', '3.00'),
(419, 419, '288.00', '16.75', '23.95', '0.00', '0.00', '14.00', '115.00', '29.50', '0.01', '0.03', '0.00', '4.00', '8.00', '0.00', '0.00', '0.00', '0.00', '0.00', '0.00', '0.00', '0.00', '0.00', '0.00', '0.00'),
(420, 420, '208.00', '20.12', '14.14', '0.00', '0.00', '12.00', '101.00', '27.30', '0.01', '0.33', '0.00', '4.50', '8.00', '0.00', '0.00', '0.00', '0.00', '0.00', '0.00', '0.00', '0.00', '0.00', '0.00', '0.00'),
(421, 421, '336.00', '21.85', '25.90', '2.40', '0.00', '43.00', '362.00', '2.55', '0.09', '0.20', '3.55', '10.70', '0.00', '1.89', '1.59', '2.30', '3010.00', '274.00', '126.00', '1.02', '13.00', '0.23', '9.51', '3.00'),
(422, 422, '290.00', '10.26', '25.76', '4.17', '0.00', '6.00', '178.00', '2.16', '0.11', '0.18', '3.71', '0.00', '0.00', '5.10', '0.55', '4.81', '45.00', '319.00', '55.00', '3.34', '20.00', '0.39', '2.82', '7.00'),
(423, 423, '223.00', '12.23', '17.29', '3.81', '0.00', '15.00', '203.00', '0.83', '0.08', '0.27', '7.50', '0.00', '0.00', '2.57', '0.48', '2.79', '82.00', '315.00', '82.00', '3.06', '24.00', '0.41', '1.34', '13.00'),
(424, 424, '223.00', '15.51', '16.19', '2.74', '0.00', '5.00', '144.00', '0.41', '0.28', '0.08', '4.02', '0.00', '11.00', '17.44', '6.45', '13.30', '66.00', '198.00', '662.00', '1.18', '12.00', '0.27', '0.50', '0.00'),
(425, 425, '121.00', '15.50', '2.80', '8.40', '0.00', '69.00', '64.00', '0.59', '0.00', '0.06', '0.88', '0.00', '0.00', '1.53', '0.18', '1.29', '122.00', '67.00', '97.00', '1.42', '13.00', '0.01', '1.39', '5.00'),
(426, 426, '117.00', '18.28', '4.32', '0.00', '0.00', '70.00', '160.00', '2.60', '0.09', '0.18', '1.30', '0.00', '0.00', '0.00', '0.00', '0.00', '0.00', '0.00', '0.00', '2.40', '0.00', '0.00', '0.00', '0.00'),
(427, 427, '144.00', '19.35', '6.77', '0.00', '0.00', '142.00', '140.00', '4.30', '0.42', '0.58', '3.00', '0.00', '0.00', '0.00', '0.00', '0.00', '0.00', '0.00', '0.00', '0.00', '0.00', '0.00', '0.00', '0.00'),
(428, 428, '417.00', '12.62', '39.69', '1.28', '0.00', '8.00', '150.00', '1.59', '0.63', '0.30', '5.13', '0.00', '0.00', '18.40', '3.46', '14.38', '88.00', '398.00', '1235.00', '3.41', '18.00', '0.53', '2.00', '2.00'),
(429, 429, '76.00', '8.08', '4.78', '1.88', '0.30', '350.00', '97.00', '5.36', '0.08', '0.05', '0.20', '0.10', '0.00', '1.06', '2.70', '0.69', '0.00', '121.00', '7.00', '0.80', '30.00', '0.05', '0.00', '15.00'),
(430, 430, '75.00', '2.50', '1.50', '13.00', '0.50', '80.00', '0.00', '0.00', '0.00', '0.00', '0.00', '0.00', '0.00', '0.00', '0.00', '0.80', '3.50', '0.00', '30.00', '0.00', '0.00', '0.00', '0.00', '0.00'),
(431, 431, '44.00', '2.00', '0.60', '7.60', '0.00', '60.00', '0.00', '0.29', '0.00', '0.00', '0.00', '0.48', '0.00', '0.00', '0.00', '0.20', '1.20', '0.00', '28.00', '0.00', '0.00', '0.00', '0.00', '0.00'),
(432, 432, '370.00', '2.10', '39.90', '2.80', '0.00', '74.00', '62.00', '0.00', '0.02', '0.08', '0.10', '1.00', '371.00', '11.50', '0.00', '24.90', '103.00', '100.00', '139.00', '0.20', '6.00', '0.02', '0.24', '3.00'),
(433, 433, '345.00', '2.05', '37.00', '2.79', '0.00', '122.00', '101.00', '0.03', '0.05', '0.18', '0.09', '0.00', '1.00', '0.02', '0.00', '0.05', '2.00', '156.00', '42.00', '0.42', '11.00', '0.04', '0.50', '5.00'),
(434, 434, '42.00', '3.37', '0.97', '4.99', '0.00', '113.00', '84.00', '0.03', '0.05', '0.17', '0.09', '0.00', '45.00', '0.81', '0.20', '1.87', '10.00', '132.00', '43.00', '0.37', '10.00', '0.04', '0.45', '5.00'),
(435, 435, '50.00', '3.30', '1.98', '4.80', '0.00', '32.00', '14.00', '0.03', '0.01', '0.04', '0.18', '5.00', '60.00', '1.66', '0.50', '2.01', '14.00', '51.00', '17.00', '0.17', '3.00', '0.01', '0.05', '5.00'),
(436, 436, '83.00', '3.17', '3.39', '10.34', '0.00', '120.00', '92.00', '0.02', '0.04', '0.19', '0.09', '0.20', '55.00', '0.56', '0.07', '1.26', '8.00', '140.00', '47.00', '0.48', '11.00', '0.04', '0.53', '5.00'),
(437, 437, '321.00', '7.91', '8.70', '54.40', '0.00', '125.00', '95.00', '0.03', '0.02', '0.19', '0.09', '0.00', '58.00', '0.28', '0.04', '0.63', '5.00', '150.00', '44.00', '0.42', '11.00', '0.04', '0.47', '5.00'),
(438, 438, '69.00', '3.56', '4.14', '4.45', '0.00', '134.00', '111.00', '0.05', '0.05', '0.14', '0.28', '1.30', '56.00', '1.11', '0.15', '2.67', '11.00', '204.00', '50.00', '0.30', '14.00', '0.05', '0.07', '1.00'),
(439, 439, '34.00', '3.37', '0.08', '4.96', '0.00', '261.00', '203.00', '0.19', '0.05', '0.32', '0.19', '1.90', '64.00', '2.34', '0.25', '4.59', '29.00', '303.00', '106.00', '0.77', '24.00', '0.05', '0.16', '8.00'),
(440, 440, '496.00', '26.32', '26.71', '38.42', '0.00', '284.00', '253.00', '0.19', '0.09', '0.42', '0.21', '2.60', '73.00', '2.43', '0.34', '5.49', '34.00', '371.00', '127.00', '0.94', '26.00', '0.05', '0.44', '11.00'),
(441, 441, '61.00', '3.15', '3.27', '4.78', '0.00', '912.00', '776.00', '0.47', '0.28', '1.21', '0.65', '8.60', '253.00', '7.92', '0.67', '16.74', '97.00', '1330.00', '371.00', '3.34', '85.00', '0.30', '3.25', '37.00'),
(442, 442, '134.00', '6.81', '7.56', '10.04', '0.80', '112.00', '101.00', '0.24', '0.04', '0.16', '0.13', '0.90', '26.00', '0.99', '0.12', '2.10', '12.00', '167.00', '60.00', '0.41', '13.00', '0.04', '0.33', '5.00'),
(443, 443, '70.00', '1.03', '4.38', '6.89', '0.00', '65.00', '62.00', '0.03', '0.02', '0.11', '0.04', '0.60', '405.00', '10.69', '1.37', '23.03', '137.00', '75.00', '38.00', '0.23', '7.00', '0.03', '0.18', '4.00'),
(444, 444, '353.00', '21.40', '28.74', '2.34', '0.00', '388.00', '347.00', '0.33', '0.03', '0.49', '0.63', '0.00', '240.00', '7.02', '0.72', '15.26', '72.00', '187.00', '842.00', '2.38', '20.00', '0.23', '1.30', '62.00'),
(445, 445, '334.00', '20.75', '27.68', '0.45', '0.00', '721.00', '512.00', '0.68', '0.03', '0.38', '0.08', '0.00', '258.00', '9.39', '0.94', '21.09', '105.00', '98.00', '621.00', '3.11', '28.00', '0.07', '0.83', '18.00'),
(446, 446, '300.00', '19.80', '24.26', '0.46', '0.00', '61.00', '134.00', '0.14', '0.02', '0.17', '0.13', '0.00', '11.00', '0.29', '0.03', '0.65', '4.00', '86.00', '406.00', '0.38', '5.00', '0.07', '0.63', '12.00'),
(447, 447, '403.00', '24.90', '33.14', '1.28', '0.00', '83.00', '159.00', '0.07', '0.03', '0.16', '0.10', '0.00', '36.00', '0.78', '0.12', '1.72', '17.00', '104.00', '364.00', '0.40', '8.00', '0.05', '0.43', '12.00'),
(448, 448, '98.00', '11.12', '4.30', '3.38', '0.00', '98.00', '106.00', '0.38', '0.02', '0.13', '0.15', '0.00', '359.00', '8.62', '1.44', '19.29', '110.00', '138.00', '321.00', '0.51', '9.00', '0.04', '0.25', '11.00'),
(449, 449, '72.00', '12.39', '1.02', '2.72', '0.00', '566.00', '385.00', '0.20', '0.04', '0.17', '0.03', '0.00', '221.00', '5.97', '1.11', '12.94', '69.00', '129.00', '751.00', '2.58', '24.00', '0.08', '1.68', '7.00'),
(450, 450, '342.00', '5.93', '34.24', '4.07', '0.00', '684.00', '827.00', '0.43', '0.03', '0.39', '0.08', '0.00', '55.00', '2.01', '0.22', '4.41', '35.00', '180.00', '1430.00', '3.32', '24.00', '0.08', '0.77', '9.00'),
(451, 451, '299.00', '18.09', '23.82', '2.98', '0.00', '731.00', '536.00', '0.44', '0.04', '0.39', '0.08', '0.00', '242.00', '8.13', '0.67', '17.57', '89.00', '188.00', '965.00', '3.75', '30.00', '0.08', '1.54', '16.00'),
(452, 452, '180.00', '24.60', '7.00', '3.50', '0.00', '700.00', '546.00', '0.24', '0.03', '0.33', '0.06', '0.00', '164.00', '7.75', '0.66', '17.61', '114.00', '121.00', '819.00', '3.90', '29.00', '0.08', '1.54', '21.00'),
(453, 453, '356.00', '24.94', '27.44', '2.22', '0.00', '746.00', '444.00', '0.72', '0.02', '0.39', '0.09', '0.00', '192.00', '8.75', '0.90', '19.07', '89.00', '81.00', '536.00', '3.00', '27.00', '0.08', '0.83', '18.00'),
(454, 454, '357.00', '24.99', '27.80', '1.43', '0.00', '505.00', '354.00', '0.44', '0.03', '0.28', '0.10', '0.00', '174.00', '6.57', '0.77', '13.15', '79.00', '76.00', '627.00', '2.92', '20.00', '0.04', '2.28', '7.00'),
(455, 455, '373.00', '24.48', '30.28', '0.68', '0.00', '782.00', '463.00', '0.22', '0.02', '0.30', '0.11', '0.00', '124.00', '4.51', '0.47', '10.11', '64.00', '84.00', '619.00', '2.76', '23.00', '0.07', '0.82', '9.00'),
(456, 456, '300.00', '22.17', '22.35', '2.19', '0.00', '1184.00', '694.00', '0.82', '0.04', '0.33', '0.27', '0.00', '201.00', '7.52', '0.57', '16.41', '68.00', '92.00', '1602.00', '2.75', '44.00', '0.09', '1.20', '7.00'),
(457, 457, '254.00', '24.26', '15.92', '2.77', '0.00', '207.00', '158.00', '0.38', '0.01', '0.20', '0.10', '0.00', '117.00', '3.63', '0.39', '8.30', '51.00', '105.00', '84.00', '1.16', '11.00', '0.04', '0.34', '12.00'),
(458, 458, '392.00', '35.75', '25.83', '3.22', '0.00', '272.00', '183.00', '0.44', '0.02', '0.19', '0.08', '0.00', '105.00', '2.31', '0.26', '4.93', '31.00', '125.00', '125.00', '1.34', '15.00', '0.02', '0.29', '13.00'),
(459, 459, '174.00', '11.26', '12.98', '3.04', '0.00', '791.00', '567.00', '0.20', '0.06', '0.30', '0.09', '0.00', '214.00', '7.27', '0.97', '17.78', '92.00', '77.00', '192.00', '4.36', '38.00', '0.08', '3.34', '6.00'),
(460, 460, '138.00', '11.39', '7.91', '5.14', '0.00', '566.00', '385.00', '0.20', '0.04', '0.17', '0.03', '0.00', '221.00', '5.97', '1.11', '12.94', '69.00', '129.00', '751.00', '2.58', '24.00', '0.08', '1.68', '7.00'),
(461, 461, '369.00', '21.54', '30.64', '2.00', '0.00', '662.00', '392.00', '0.56', '0.04', '0.59', '0.73', '0.00', '290.00', '8.47', '1.32', '19.26', '90.00', '91.00', '1809.00', '2.08', '30.00', '0.12', '0.64', '49.00'),
(462, 462, '380.00', '26.93', '27.80', '5.38', '0.00', '528.00', '387.00', '0.31', '0.00', '0.00', '0.00', '0.00', '192.00', '0.00', '0.00', '0.00', '1.12', '256.00', '1146.00', '2.66', '23.00', '0.03', '1.02', '0.38'),
(463, 463, '299.00', '18.09', '23.82', '2.98', '0.00', '184.00', '188.00', '0.50', '0.00', '0.00', '0.00', '0.00', '173.00', '0.00', '0.00', '0.00', '1.17', '152.00', '629.00', '2.38', '20.00', '0.07', '0.38', '0.52'),
(464, 464, '99.00', '3.98', '1.15', '18.64', '0.00', '183.00', '144.00', '0.08', '0.04', '0.21', '0.11', '0.80', '14.00', '0.43', '0.04', '1.00', '6.00', '234.00', '70.00', '0.89', '17.00', '0.05', '0.56', '11.00'),
(465, 465, '61.00', '3.47', '3.25', '4.66', '0.00', '121.00', '95.00', '0.05', '0.03', '0.14', '0.08', '0.50', '27.00', '0.89', '0.09', '2.10', '13.00', '155.00', '46.00', '0.59', '12.00', '0.03', '0.37', '7.00');
INSERT INTO `composicion_nutricional` (`com_nut_id`, `alimento_id`, `energia_kcal`, `proteinas_g`, `grasa_total_g`, `carbohidratos_g`, `fibra_dietetica_g`, `calcio_mg`, `fosforo_mg`, `hierro_mg`, `tiamina_mg`, `riboflavina_mg`, `niacina_mg`, `vitamina_c_mg`, `vitamina_a_equiv_retinol_mcg`, `acidos_grasos_monoinsaturados_g`, `acidos_grasos_poliinsaturados_g`, `acidos_grasos_saturados_g`, `colesterol_mg`, `potasio_mg`, `sodio_mg`, `zinc_mg`, `magnesio_mg`, `vitamina_b6_mg`, `vitamina_b12_mcg`, `folato_mcg`) VALUES
(466, 466, '63.00', '5.25', '1.55', '7.04', '0.00', '138.00', '109.00', '0.06', '0.03', '0.16', '0.09', '0.60', '11.00', '0.32', '0.03', '0.74', '5.00', '177.00', '53.00', '0.67', '13.00', '0.04', '0.43', '9.00'),
(467, 467, '56.00', '5.73', '0.18', '7.68', '0.00', '199.00', '157.00', '0.09', '0.05', '0.23', '0.12', '0.90', '2.00', '0.05', '0.01', '0.12', '2.00', '255.00', '77.00', '0.97', '19.00', '0.05', '0.61', '12.00'),
(468, 468, '884.00', '0.00', '100.00', '0.00', '0.00', '0.00', '0.00', '0.00', '0.00', '0.00', '0.00', '0.00', '0.00', '70.55', '13.49', '11.56', '0.00', '0.00', '0.00', '0.00', '0.00', '0.00', '0.00', '0.00'),
(469, 469, '884.00', '0.00', '100.00', '0.00', '0.00', '0.00', '0.00', '0.00', '0.00', '0.00', '0.00', '0.00', '0.00', '39.70', '41.70', '14.20', '0.00', '0.00', '0.00', '0.00', '0.00', '0.00', '0.00', '0.00'),
(470, 470, '884.00', '0.00', '100.00', '0.00', '0.00', '0.00', '0.00', '0.00', '0.00', '0.00', '0.00', '0.00', '0.00', '63.28', '28.14', '7.37', '0.00', '0.00', '0.00', '0.00', '0.00', '0.00', '0.00', '0.00'),
(471, 471, '862.00', '0.00', '100.00', '0.00', '0.00', '0.00', '0.00', '0.04', '0.00', '0.00', '0.00', '0.00', '0.00', '5.80', '1.80', '86.50', '0.00', '0.00', '0.00', '0.00', '0.00', '0.00', '0.00', '0.00'),
(472, 472, '884.00', '0.00', '100.00', '0.00', '0.00', '0.00', '0.00', '0.03', '0.00', '0.00', '0.00', '0.00', '0.00', '45.40', '40.10', '10.10', '0.00', '0.00', '0.00', '0.00', '0.00', '0.00', '0.00', '0.00'),
(473, 473, '900.00', '0.00', '100.00', '0.00', '0.00', '0.00', '0.00', '0.00', '0.00', '0.00', '0.00', '0.00', '0.00', '27.58', '54.68', '12.95', '0.00', '0.00', '0.00', '0.00', '0.00', '0.00', '0.00', '0.00'),
(474, 474, '884.00', '0.00', '100.00', '0.00', '0.00', '1.00', '0.00', '0.56', '0.00', '0.00', '0.00', '0.00', '0.00', '72.96', '10.52', '13.81', '0.00', '1.00', '2.00', '0.00', '0.00', '0.00', '0.00', '0.00'),
(475, 475, '884.00', '0.00', '100.00', '0.00', '0.00', '0.00', '0.00', '0.01', '0.00', '0.00', '0.00', '0.00', '0.00', '37.00', '9.30', '49.30', '0.00', '0.00', '0.00', '0.00', '0.00', '0.00', '0.00', '0.00'),
(476, 476, '884.00', '0.00', '100.00', '0.00', '0.00', '0.00', '0.00', '0.05', '0.00', '0.00', '0.00', '0.00', '0.00', '22.78', '57.74', '15.65', '0.00', '0.00', '0.00', '0.01', '0.00', '0.00', '0.00', '0.00'),
(477, 477, '902.00', '0.00', '100.00', '0.00', '0.00', '0.00', '0.00', '0.00', '0.00', '0.00', '0.00', '0.00', '0.00', '45.10', '11.20', '39.20', '95.00', '0.00', '0.00', '0.11', '0.00', '0.00', '0.00', '0.00'),
(478, 478, '717.00', '0.85', '81.11', '0.06', '0.00', '24.00', '24.00', '0.02', '0.01', '0.03', '0.04', '0.00', '671.00', '21.02', '3.04', '51.37', '215.00', '24.00', '714.00', '0.09', '2.00', '0.00', '0.17', '3.00'),
(479, 479, '509.00', '3.30', '55.10', '0.00', '0.00', '48.00', '34.00', '1.09', '0.01', '0.07', '0.02', '0.00', '456.00', '15.93', '2.05', '34.32', '106.00', '71.00', '450.00', '0.26', '5.00', '0.01', '0.13', '1.00'),
(480, 480, '717.00', '0.85', '81.11', '0.06', '0.00', '24.00', '24.00', '0.02', '0.01', '0.03', '0.04', '0.00', '671.00', '21.02', '3.04', '51.37', '215.00', '24.00', '11.00', '0.09', '2.00', '0.00', '0.17', '3.00'),
(481, 481, '424.00', '0.20', '47.53', '0.86', '0.00', '4.00', '4.00', '0.21', '0.00', '0.02', '0.00', '0.00', '0.00', '16.42', '20.24', '8.79', '1.00', '36.00', '646.00', '0.06', '1.00', '0.00', '0.00', '2.00'),
(482, 482, '713.00', '0.22', '80.17', '0.75', '0.00', '3.00', '5.00', '0.00', '0.00', '0.00', '0.00', '0.10', '768.00', '36.44', '26.74', '14.22', '0.00', '17.00', '657.00', '0.00', '1.00', '0.00', '0.08', '1.00'),
(483, 483, '388.00', '11.30', '5.30', '75.90', '10.50', '931.00', '499.00', '66.36', '0.63', '0.33', '4.58', '7.70', '0.00', '14.04', '3.28', '1.54', '0.00', '1788.00', '168.00', '4.80', '366.00', '0.44', '0.00', '10.00'),
(484, 484, '247.00', '3.99', '1.24', '80.59', '42.50', '1597.00', '148.00', '36.80', '0.18', '0.53', '4.64', '2.30', '0.00', '0.72', '1.37', '1.55', '0.00', '1260.00', '25.00', '2.69', '270.00', '1.04', '0.00', '237.00'),
(485, 485, '298.00', '12.37', '17.77', '54.99', '39.80', '1196.00', '487.00', '18.54', '0.00', '0.00', '0.00', '0.00', '0.00', '66.00', '0.00', '0.00', '0.90', '1694.00', '88.00', '3.70', '385.00', '0.41', '6.05', '0.35'),
(486, 486, '274.00', '5.97', '13.00', '65.53', '12.20', '266.00', '828.00', '9.21', '0.00', '0.07', '0.00', '0.00', '0.00', '118.00', '0.00', '0.00', '0.76', '738.00', '13.00', '6.08', '370.00', '0.81', '4.73', '0.26'),
(487, 487, '375.00', '17.81', '22.27', '44.24', '13.60', '1784.00', '543.00', '48.78', '0.00', '0.00', '0.00', '0.00', '0.00', '0.00', '0.00', '0.00', '0.00', '3308.00', '208.00', '3.30', '451.00', '0.42', '2.81', '0.28'),
(488, 488, '325.00', '14.29', '14.01', '55.83', '53.20', '525.00', '367.00', '19.10', '0.00', '0.00', '0.00', '0.00', '0.00', '0.00', '0.00', '0.00', '0.39', '1170.00', '52.00', '4.70', '255.00', '0.18', '3.26', '0.20'),
(489, 489, '253.00', '19.96', '4.36', '55.82', '25.30', '443.00', '158.00', '9.71', '0.11', '0.18', '1.14', '0.00', '0.00', '0.74', '1.00', '1.39', '0.00', '1329.00', '20.00', '1.19', '171.00', '0.29', '0.00', '17.00'),
(490, 490, '335.00', '8.98', '4.24', '71.62', '34.90', '229.00', '314.00', '21.14', '0.00', '0.09', '0.00', '3.95', '0.00', '175.00', '0.00', '0.00', '0.61', '2280.00', '68.00', '4.33', '178.00', '0.33', '10.06', '1.23'),
(491, 491, '345.00', '15.80', '14.87', '52.29', '20.80', '184.00', '213.00', '3.04', '0.00', '0.00', '0.00', '0.00', '0.00', '62.00', '0.00', '0.00', '0.00', '350.00', '16.00', '2.15', '183.00', '0.35', '1.30', '0.06'),
(492, 492, '525.00', '5.84', '36.31', '49.29', '14.10', '114.00', '168.00', '19.80', '0.00', '0.00', '0.00', '0.00', '0.00', '83.00', '0.00', '0.00', '0.25', '1320.00', '27.00', '3.64', '214.00', '0.05', '9.62', '0.17'),
(493, 493, '265.00', '9.00', '4.28', '68.92', '41.90', '709.00', '409.00', '16.32', '0.00', '0.00', '0.00', '0.00', '0.00', '46.00', '0.00', '0.00', '0.00', '1267.00', '35.00', '4.70', '330.00', '0.24', '2.13', '0.29'),
(494, 494, '282.00', '14.14', '12.89', '53.99', '33.90', '632.00', '104.00', '11.83', '0.00', '0.00', '0.00', '0.00', '0.00', '256.00', '0.00', '0.00', '0.24', '1020.00', '277.00', '2.32', '259.00', '0.16', '1.56', '0.22'),
(495, 495, '251.00', '10.39', '3.26', '63.95', '14.50', '11.00', '13.00', '5.60', '0.45', '0.16', '1.97', '0.00', '61.00', '0.00', '0.00', '0.00', '0.00', '0.00', '0.00', '0.00', '0.00', '0.00', '0.00', '0.00'),
(496, 496, '0.00', '0.00', '0.00', '0.00', '0.00', '24.00', '0.00', '0.33', '0.00', '0.00', '0.00', '0.00', '0.00', '0.00', '0.00', '0.00', '0.00', '8.00', '9999.99', '0.10', '1.00', '0.00', '0.00', '0.00'),
(497, 497, '508.00', '26.08', '36.24', '28.09', '53.10', '1002.00', '64.00', '8.32', '0.02', '0.04', '1.33', '3.80', '0.00', '0.25', '0.07', '0.35', '0.00', '431.00', '10.00', '1.83', '60.00', '0.16', '0.00', '6.00'),
(498, 498, '484.00', '1.03', '51.39', '6.69', '0.20', '5876.00', '2191.00', '11.02', '0.00', '0.00', '0.00', '0.00', '0.00', '0.00', '0.00', '0.00', '0.00', '20.00', '9999.99', '0.01', '27.00', '0.00', '0.00', '0.00'),
(499, 499, '370.00', '1.09', '35.06', '14.64', '26.90', '30.00', '637.00', '2.17', '10.99', '4.00', '40.20', '0.30', '0.00', '4.31', '0.02', '1.00', '0.00', '955.00', '51.00', '7.94', '54.00', '1.50', '0.07', '2340.00'),
(500, 500, '88.00', '0.49', '0.00', '17.03', '0.00', '11.00', '6.00', '0.12', '0.01', '0.10', '0.43', '0.00', '0.00', '0.01', '0.00', '0.01', '0.00', '148.00', '9.00', '0.11', '12.00', '0.03', '0.00', '0.00'),
(501, 501, '240.00', '0.41', '21.12', '12.12', '0.00', '7.00', '8.00', '0.20', '0.00', '0.00', '0.00', '0.00', '0.00', '0.00', '0.00', '0.00', '0.00', '73.00', '5.00', '0.04', '5.00', '0.00', '0.00', '0.00'),
(502, 502, '544.00', '61.30', '31.30', '0.00', '0.00', '140.00', '286.00', '3.80', '0.00', '1.36', '28.08', '0.00', '0.00', '0.02', '0.10', '0.10', '0.00', '3501.00', '23.00', '0.11', '311.00', '0.00', '0.00', '0.00'),
(503, 503, '518.00', '6.03', '28.41', '63.01', '0.00', '141.00', '303.00', '4.41', '0.01', '0.07', '28.17', '0.00', '0.00', '0.04', '0.20', '0.20', '0.00', '3535.00', '37.00', '0.35', '327.00', '0.03', '0.00', '0.00'),
(504, 504, '563.00', '5.87', '36.56', '53.00', '1.20', '133.00', '183.00', '0.48', '0.11', '0.04', '2.26', '0.50', '0.00', '1.60', '0.24', '3.42', '2.00', '831.00', '180.00', '0.25', '43.00', '0.04', '0.38', '5.00'),
(505, 505, '406.00', '3.10', '5.56', '85.94', '0.00', '0.00', '0.00', '0.00', '0.00', '0.00', '0.00', '0.00', '0.00', '0.00', '0.00', '25.00', '0.00', '0.00', '0.00', '0.00', '0.00', '0.00', '0.00', '0.00'),
(506, 506, '351.00', '11.60', '0.20', '76.00', '0.70', '31.00', '161.00', '0.62', '0.10', '0.06', '0.01', '3.40', '10.00', '11.39', '28.33', '8.02', '33.00', '62.00', '1094.00', '0.40', '5.00', '0.02', '0.33', '4.00'),
(507, 507, '353.00', '12.20', '0.50', '75.40', '0.80', '17.00', '27.00', '1.18', '1.45', '0.06', '0.42', '0.00', '4.00', '7.88', '18.22', '5.09', '26.00', '107.00', '863.00', '0.26', '8.00', '0.00', '0.00', '0.00'),
(508, 508, '531.00', '2.28', '29.59', '63.84', '0.00', '27.00', '19.00', '0.72', '0.00', '0.00', '0.00', '0.00', '0.00', '0.00', '0.00', '0.00', '0.00', '112.00', '23.00', '0.08', '12.00', '0.00', '0.00', '0.00'),
(509, 509, '48.00', '2.00', '0.90', '7.70', '0.00', '13.00', '15.00', '0.26', '0.02', '0.00', '0.13', '0.40', '0.00', '5.64', '10.75', '2.95', '0.00', '84.00', '993.00', '0.07', '5.00', '0.06', '0.00', '0.00'),
(510, 510, '41.00', '0.30', '0.10', '10.90', '0.10', '6.00', '58.00', '0.20', '0.00', '0.00', '0.00', '0.30', '0.00', '0.00', '0.00', '5.00', '35.00', '52.00', '633.00', '0.00', '0.00', '0.00', '0.00', '0.00'),
(511, 511, '500.00', '0.00', '25.00', '50.00', '0.00', '8.00', '21.00', '0.21', '0.01', '0.02', '0.00', '0.00', '15.00', '16.84', '44.69', '11.70', '42.00', '20.00', '635.00', '0.15', '1.00', '0.01', '0.12', '5.00'),
(512, 512, '141.00', '5.16', '4.52', '19.88', '3.30', '58.00', '106.00', '1.51', '0.34', '0.03', '0.52', '1.50', '0.00', '2.63', '0.95', '0.25', '0.00', '138.00', '1135.00', '0.64', '49.00', '0.06', '0.00', '7.00'),
(513, 513, '288.00', '0.06', '0.06', '12.65', '4.10', '36.00', '83.00', '2.98', '0.06', '0.15', '3.08', '21.90', '0.00', '0.07', '0.16', '0.10', '0.00', '1014.00', '59.00', '0.63', '42.00', '0.22', '0.00', '12.00'),
(514, 514, '320.00', '28.00', '20.00', '24.00', '0.90', '33.00', '20.00', '0.64', '0.02', '0.05', '0.60', '0.60', '0.00', '0.08', '0.10', '0.05', '0.00', '232.00', '1027.00', '0.17', '13.00', '0.08', '0.00', '2.00'),
(515, 515, '325.00', '40.44', '7.61', '41.22', '0.30', '8.00', '11.00', '0.48', '0.04', '0.08', '0.25', '74.80', '0.00', '0.03', '0.20', '0.05', '0.00', '144.00', '2643.00', '0.11', '5.00', '0.16', '0.00', '6.00'),
(516, 516, '334.00', '12.73', '10.67', '46.66', '0.80', '33.00', '166.00', '1.45', '0.03', '0.17', '2.20', '0.00', '0.00', '0.09', '0.26', '0.07', '0.00', '435.00', '5493.00', '0.87', '74.00', '0.15', '0.00', '14.00'),
(517, 517, '680.00', '0.96', '74.85', '0.57', '0.30', '16.00', '28.00', '0.41', '0.01', '0.17', '1.43', '4.10', '0.00', '0.06', '0.15', '0.05', '0.00', '315.00', '907.00', '0.24', '15.00', '0.16', '0.00', '9.00'),
(518, 518, '334.00', '0.60', '32.90', '8.50', '0.00', '107.00', '60.00', '5.30', '0.07', '0.13', '0.70', '13.00', '1.00', '0.00', '0.00', '0.00', '0.00', '800.00', '980.00', '0.19', '13.00', '0.00', '0.00', '8.00'),
(519, 519, '514.29', '2.86', '28.57', '62.86', '3.00', '134.00', '228.00', '2.60', '5.18', '0.45', '2.20', '16.60', '0.00', '10.73', '6.29', '6.03', '2.00', '408.00', '4957.00', '1.60', '48.00', '0.10', '0.50', '30.00'),
(520, 520, '67.00', '4.37', '4.01', '5.33', '0.00', '93.00', '76.00', '1.34', '0.26', '0.20', '1.61', '9.50', '74.00', '1.94', '1.07', '1.26', '2.00', '125.00', '36.00', '1.15', '19.00', '0.25', '0.57', '35.00'),
(521, 521, '542.00', '6.56', '36.40', '50.81', '0.00', '79.00', '79.00', '1.79', '0.15', '0.17', '1.98', '11.90', '149.00', '1.10', '2.66', '0.57', '2.00', '175.00', '95.00', '1.51', '40.00', '0.20', '0.60', '40.00'),
(522, 522, '82.00', '4.32', '0.47', '18.91', '0.00', '145.00', '391.00', '2.07', '0.00', '0.00', '0.00', '0.00', '0.00', '0.00', '0.00', '0.00', '0.00', '197.00', '766.00', '1.30', '34.00', '0.00', '0.00', '0.00'),
(523, 523, '99.00', '2.86', '4.77', '11.15', '2.20', '152.00', '181.00', '1.36', '0.22', '0.23', '2.38', '3.40', '58.00', '5.89', '2.58', '5.08', '16.00', '209.00', '555.00', '1.71', '25.00', '0.15', '0.62', '34.00'),
(524, 524, '276.00', '11.28', '14.43', '25.14', '5.30', '164.00', '157.00', '1.32', '0.02', '0.64', '0.36', '0.00', '0.00', '7.91', '14.01', '3.61', '0.00', '135.00', '545.00', '1.58', '84.00', '0.12', '0.00', '13.00'),
(525, 525, '53.00', '0.00', '0.00', '27.70', '3.50', '9.00', '78.00', '0.97', '0.07', '0.04', '0.80', '32.10', '0.00', '5.63', '11.74', '8.34', '0.00', '786.00', '202.00', '0.37', '71.00', '0.46', '0.00', '35.00'),
(526, 526, '380.00', '10.34', '2.63', '79.76', '0.00', '0.00', '0.00', '0.00', '0.00', '0.00', '0.00', '0.00', '0.00', '0.00', '0.00', '0.00', '0.00', '0.00', '0.00', '0.00', '0.00', '0.00', '0.00', '0.00'),
(527, 527, '172.00', '0.82', '0.63', '40.77', '0.00', '30.00', '85.00', '0.88', '0.10', '0.28', '1.55', '0.50', '12.00', '14.78', '3.64', '11.37', '95.00', '127.00', '1818.00', '0.56', '11.00', '0.02', '0.64', '0.00'),
(528, 528, '11.00', '0.51', '0.37', '1.75', '3.00', '18.00', '113.00', '5.20', '0.51', '0.32', '5.13', '0.00', '0.00', '1.18', '1.07', '0.48', '0.00', '136.00', '1266.00', '1.43', '29.00', '0.04', '0.00', '186.00'),
(529, 529, '53.00', '8.14', '0.57', '4.93', '4.40', '24.00', '155.00', '1.61', '0.06', '0.23', '4.18', '18.60', '0.00', '16.00', '16.00', '4.01', '0.00', '1642.00', '480.00', '2.39', '70.00', '0.72', '0.00', '75.00'),
(530, 530, '112.00', '1.25', '0.18', '26.23', '1.70', '57.00', '128.00', '2.14', '0.16', '0.16', '4.71', '0.00', '48.00', '10.90', '19.64', '5.51', '7.00', '189.00', '926.00', '0.48', '18.00', '0.08', '0.48', '55.00'),
(531, 531, '78.00', '0.00', '0.00', '19.46', '0.00', '0.00', '0.00', '0.00', '1.50', '0.00', '5.71', '0.00', '0.00', '0.00', '0.00', '0.00', '0.00', '600.00', '0.00', '0.00', '0.00', '0.00', '0.00', '0.00'),
(532, 532, '571.43', '22.86', '45.71', '22.86', '2.86', '0.00', '0.00', '0.00', '0.00', '0.00', '0.00', '0.00', '0.00', '0.00', '0.00', '11.43', '0.00', '0.00', '314.29', '0.00', '0.00', '0.00', '0.00', '0.00'),
(533, 533, '446.00', '8.00', '24.10', '52.10', '3.70', '52.00', '99.00', '0.72', '0.05', '0.03', '1.20', '0.00', '0.00', '7.44', '6.91', '8.69', '0.00', '868.00', '296.00', '0.85', '46.00', '0.13', '0.00', '0.00'),
(534, 534, '21.00', '0.00', '0.00', '0.93', '0.00', '14.00', '28.00', '0.39', '0.05', '0.04', '0.57', '0.80', '0.00', '0.00', '0.00', '0.00', '0.00', '46.00', '49.00', '0.40', '6.00', '0.05', '0.09', '7.00'),
(535, 535, '515.00', '1.34', '25.91', '69.23', '2.60', '10.00', '9.00', '0.25', '0.02', '0.03', '0.21', '27.50', '0.00', '0.02', '0.03', '0.01', '0.00', '116.00', '0.00', '0.07', '7.00', '0.02', '0.00', '3.00'),
(536, 536, '387.00', '0.00', '0.00', '99.98', '0.00', '102.00', '2.00', '0.11', '0.07', '1.27', '0.08', '0.00', '0.00', '0.01', '0.02', '0.01', '0.00', '212.00', '12.00', '1.47', '21.00', '0.00', '0.00', '0.00'),
(537, 537, '380.00', '0.12', '0.00', '98.09', '0.00', '205.00', '31.00', '4.72', '0.04', '0.00', '0.93', '0.00', '0.00', '0.03', '0.05', '0.02', '0.00', '1464.00', '37.00', '0.29', '242.00', '0.67', '0.00', '0.00'),
(538, 538, '382.00', '4.60', '8.10', '77.00', '0.00', '13.00', '8.00', '3.60', '0.13', '0.06', '0.10', '0.00', '0.00', '0.00', '0.00', '0.00', '0.00', '63.00', '58.00', '0.19', '10.00', '0.00', '0.00', '0.00'),
(539, 539, '535.00', '7.65', '29.66', '59.40', '0.00', '18.00', '11.00', '0.37', '0.01', '0.01', '0.02', '0.00', '0.00', '0.00', '0.00', '0.00', '0.00', '44.00', '155.00', '0.04', '8.00', '0.01', '0.00', '0.00'),
(540, 540, '398.00', '6.67', '4.00', '83.73', '0.00', '1.00', '0.00', '0.05', '0.00', '0.02', '0.00', '0.00', '0.00', '0.00', '0.00', '0.00', '0.00', '2.00', '1.00', '0.01', '0.00', '0.00', '0.00', '0.00'),
(541, 541, '392.00', '0.10', '2.80', '94.90', '0.00', '83.00', '4.00', '0.71', '0.00', '0.00', '0.11', '0.00', '0.00', '0.00', '0.00', '0.00', '0.00', '133.00', '28.00', '0.03', '9.00', '0.04', '0.00', '1.00'),
(542, 542, '113.00', '2.95', '3.00', '18.68', '0.10', '1.00', '0.00', '0.11', '0.00', '0.02', '0.00', '0.00', '0.00', '0.00', '0.00', '0.00', '0.00', '0.00', '2.00', '0.09', '0.00', '0.00', '0.00', '0.00'),
(543, 543, '279.00', '0.00', '0.00', '76.10', '0.20', '6.00', '4.00', '0.42', '0.00', '0.04', '0.12', '0.50', '0.00', '0.00', '0.00', '0.00', '0.00', '52.00', '4.00', '0.22', '2.00', '0.02', '0.00', '2.00'),
(544, 544, '381.00', '7.80', '0.00', '90.50', '0.00', '85.00', '22.00', '1.90', '0.01', '0.01', '0.10', '0.00', '0.00', '0.00', '0.00', '0.00', '0.00', '346.00', '39.00', '0.20', '29.00', '0.03', '0.00', '1.00'),
(545, 545, '62.00', '1.22', '0.00', '14.19', '3.40', '189.00', '208.00', '2.35', '0.11', '0.30', '0.39', '0.00', '59.00', '7.19', '1.38', '18.51', '23.00', '372.00', '79.00', '2.30', '63.00', '0.04', '0.75', '12.00'),
(546, 546, '216.00', '3.17', '12.70', '22.23', '0.00', '34.00', '348.00', '2.65', '0.41', '0.24', '3.62', '0.20', '0.00', '7.42', '1.73', '3.35', '0.00', '63.00', '832.00', '0.34', '12.00', '0.03', '0.05', '55.00'),
(547, 547, '260.00', '0.04', '0.06', '67.04', '0.00', '7.00', '28.00', '1.12', '0.15', '0.11', '1.23', '1.70', '9.00', '5.39', '3.34', '3.05', '0.00', '79.00', '211.00', '0.19', '7.00', '0.03', '0.00', '24.00'),
(548, 548, '290.00', '0.00', '0.10', '74.73', '0.00', '138.00', '114.00', '0.14', '0.10', '0.26', '0.15', '0.40', '11.00', '1.54', '3.48', '2.48', '7.00', '214.00', '245.00', '0.44', '17.00', '0.06', '0.30', '4.00'),
(549, 549, '266.00', '0.15', '0.02', '69.95', '0.00', '0.00', '0.00', '0.00', '0.00', '0.00', '0.00', '0.00', '0.00', '0.00', '0.00', '0.00', '0.00', '4.00', '0.00', '0.00', '0.00', '0.00', '0.00', '0.00'),
(550, 550, '179.00', '0.30', '0.03', '46.10', '3.70', '133.00', '315.00', '1.19', '0.10', '0.57', '0.59', '0.20', '1.00', '1.33', '0.11', '2.38', '0.00', '712.00', '504.00', '1.46', '83.00', '0.11', '0.35', '6.00'),
(551, 551, '304.00', '0.30', '0.00', '82.40', '0.00', '14.00', '10.00', '2.10', '0.02', '0.01', '0.77', '4.00', '15.00', '0.00', '0.00', '0.00', '0.00', '0.00', '0.00', '0.00', '0.00', '0.00', '0.00', '0.00'),
(552, 552, '269.00', '0.00', '0.00', '73.14', '0.00', '3.00', '141.00', '0.13', '0.00', '0.04', '0.01', '0.00', '0.00', '0.00', '0.00', '0.00', '0.00', '7.00', '466.00', '0.01', '2.00', '0.00', '0.00', '3.00'),
(553, 553, '286.00', '0.00', '0.00', '77.59', '0.00', '3.00', '22.00', '0.02', '0.00', '0.01', '0.00', '0.00', '0.00', '0.00', '0.00', '0.00', '0.00', '1.00', '75.00', '0.01', '1.00', '0.00', '0.00', '1.00'),
(554, 554, '376.00', '0.00', '0.00', '97.30', '4.80', '128.00', '105.00', '0.09', '0.04', '0.24', '0.12', '0.60', '116.00', '3.17', '0.41', '6.79', '32.00', '199.00', '48.00', '0.69', '14.00', '0.05', '0.39', '5.00'),
(555, 555, '265.00', '2.40', '12.50', '37.10', '0.00', '111.00', '84.00', '0.06', '0.03', '0.15', '0.08', '0.70', '28.00', '0.82', '0.11', '1.80', '12.00', '160.00', '112.00', '0.35', '12.00', '0.03', '0.26', '4.00'),
(556, 556, '362.00', '5.40', '13.20', '56.10', '1.00', '7.00', '6.00', '0.19', '0.00', '0.03', '0.04', '0.90', '0.00', '0.00', '0.00', '0.01', '0.00', '54.00', '30.00', '0.03', '6.00', '0.02', '0.00', '2.00'),
(557, 557, '336.00', '0.00', '0.00', '91.17', '0.80', '5.00', '6.00', '0.18', '0.01', '0.02', '0.14', '0.00', '0.00', '0.00', '0.01', '0.01', '0.00', '71.00', '2.00', '0.03', '6.00', '0.04', '0.00', '1.00'),
(558, 558, '625.00', '12.50', '37.50', '50.00', '0.00', '0.00', '0.00', '0.00', '0.00', '0.00', '0.00', '0.00', '0.00', '0.00', '0.00', '0.00', '0.00', '0.00', '287.50', '0.00', '0.00', '0.00', '0.00', '0.00'),
(559, 559, '1.00', '0.00', '0.00', '0.20', '0.50', '0.00', '0.00', '0.00', '0.07', '0.07', '2.39', '0.00', '0.00', '0.00', '0.00', '0.00', '0.00', '0.00', '5.00', '0.00', '0.00', '0.10', '0.00', '0.00'),
(560, 560, '0.00', '0.00', '0.00', '0.00', '0.00', '13.00', '0.00', '0.02', '0.03', '0.58', '8.50', '0.00', '0.00', '0.00', '0.00', '0.00', '0.00', '3.00', '39.00', '0.00', '3.00', '2.00', '1.99', '0.00'),
(561, 561, '57.00', '0.50', '0.50', '13.00', '0.00', '13.00', '0.00', '0.02', '0.03', '0.58', '8.50', '0.00', '0.00', '0.00', '0.00', '0.00', '0.00', '3.00', '38.00', '0.00', '3.00', '1.96', '1.96', '0.00'),
(562, 562, '37.00', '0.21', '0.12', '8.05', '0.00', '2.00', '10.00', '0.11', '0.00', '0.00', '0.00', '0.00', '0.00', '0.00', '0.00', '0.00', '0.00', '2.00', '4.00', '0.02', '0.00', '0.00', '0.00', '0.00'),
(563, 563, '45.00', '0.25', '0.08', '10.94', '0.00', '3.00', '9.00', '0.11', '0.01', '0.02', '0.00', '0.00', '0.00', '0.00', '0.00', '0.00', '0.00', '8.00', '8.00', '0.01', '1.00', '0.00', '0.00', '0.00'),
(564, 564, '5.00', '0.25', '0.08', '0.70', '0.00', '5.00', '1.00', '0.06', '0.00', '0.00', '0.00', '0.00', '0.00', '0.00', '0.00', '0.00', '0.00', '2.00', '12.00', '0.10', '1.00', '0.00', '0.00', '0.00'),
(565, 565, '9.00', '0.12', '0.18', '1.67', '0.00', '5.00', '1.00', '0.06', '0.00', '0.00', '0.00', '0.00', '0.00', '0.00', '0.00', '0.00', '0.00', '2.00', '12.00', '0.10', '1.00', '0.00', '0.00', '0.00'),
(566, 566, '29.00', '0.24', '0.00', '1.64', '0.00', '2.00', '0.00', '0.02', '0.00', '0.00', '0.02', '0.00', '0.00', '0.00', '0.00', '0.00', '0.00', '1.00', '10.00', '0.01', '1.00', '0.00', '0.00', '0.00'),
(567, 567, '43.00', '0.46', '0.00', '3.55', '0.00', '4.00', '0.00', '0.04', '0.00', '0.00', '0.00', '0.00', '0.00', '0.00', '0.00', '0.00', '0.00', '2.00', '6.00', '0.00', '1.00', '0.00', '0.00', '0.00'),
(568, 568, '37.00', '0.07', '0.02', '9.56', '0.00', '3.00', '0.00', '0.08', '0.00', '0.00', '0.00', '0.00', '0.00', '0.00', '0.00', '0.00', '0.00', '1.00', '15.00', '0.07', '1.00', '0.00', '0.00', '0.00'),
(569, 569, '2.00', '0.11', '0.03', '0.29', '0.00', '1.00', '10.00', '0.05', '0.01', '0.00', '0.22', '0.40', '0.00', '0.00', '0.00', '0.00', '0.00', '15.00', '39.00', '0.01', '0.00', '0.02', '0.00', '0.00'),
(570, 570, '48.00', '0.00', '0.00', '12.30', '0.00', '4.00', '5.00', '0.44', '0.00', '0.11', '0.07', '0.30', '0.00', '0.00', '0.00', '0.00', '0.00', '6.00', '38.00', '0.00', '1.00', '0.00', '0.00', '0.00'),
(571, 571, '41.00', '0.09', '0.00', '10.42', '0.45', '0.00', '0.00', '0.00', '0.00', '0.00', '0.00', '5.94', '0.00', '0.00', '0.00', '0.00', '0.00', '0.00', '6.44', '0.74', '0.00', '0.00', '0.00', '0.00'),
(572, 572, '0.00', '0.10', '0.00', '0.00', '0.00', '0.00', '0.00', '0.00', '0.00', '0.00', '0.00', '8.96', '0.00', '0.00', '0.00', '0.00', '0.00', '0.00', '8.46', '0.75', '0.00', '0.00', '0.00', '0.00'),
(573, 573, '48.00', '0.00', '0.00', '12.30', '0.10', '1047.00', '1239.00', '0.08', '0.00', '0.00', '0.00', '560.00', '0.00', '0.00', '0.00', '0.00', '0.00', '498.00', '404.00', '0.00', '3.00', '0.00', '0.00', '0.00'),
(574, 574, '43.00', '0.00', '0.00', '11.20', '0.56', '0.00', '0.00', '0.00', '0.00', '0.00', '0.00', '0.00', '0.00', '0.00', '0.00', '0.00', '0.00', '0.00', '16.67', '0.00', '0.00', '0.00', '0.00', '0.00'),
(575, 575, '26.00', '0.00', '0.00', '6.43', '0.00', '0.00', '0.00', '0.00', '0.00', '0.00', '0.00', '15.00', '0.00', '0.00', '0.00', '0.00', '0.00', '0.00', '8.50', '0.75', '0.00', '0.00', '0.00', '0.00'),
(576, 576, '263.00', '0.00', '0.00', '0.00', '0.00', '3.00', '36.00', '0.00', '0.00', '0.00', '0.00', '0.00', '0.00', '0.00', '0.00', '0.00', '0.00', '19.00', '21.00', '0.06', '1.00', '0.00', '0.00', '0.00'),
(577, 577, '389.00', '0.10', '0.20', '99.10', '0.00', '2.00', '2.00', '0.21', '0.01', '0.00', '0.13', '0.00', '0.00', '0.03', '0.21', '0.09', '0.00', '169.00', '5.00', '0.03', '3.00', '0.02', '0.00', '1.00'),
(578, 578, '218.00', '0.45', '0.04', '87.38', '0.00', '1.00', '1.00', '0.09', '0.01', '0.00', '1.57', '0.00', '0.00', '0.01', '0.03', '0.01', '0.00', '18.00', '22.00', '0.01', '0.00', '0.15', '1.37', '0.00'),
(579, 579, '44.44', '0.00', '0.00', '11.11', '0.00', '7.00', '16.00', '0.06', '0.02', '0.05', '1.11', '0.50', '0.00', '0.02', '0.06', '0.02', '0.00', '8.00', '13.00', '0.02', '7.00', '0.03', '0.02', '14.00'),
(580, 580, '17.33', '0.45', '0.00', '3.22', '0.00', '1.00', '0.00', '0.01', '0.00', '0.00', '0.00', '0.00', '0.00', '0.00', '0.00', '0.00', '0.00', '0.00', '1.00', '0.00', '1.00', '0.00', '0.00', '0.00'),
(581, 581, '44.78', '0.00', '0.00', '10.95', '0.00', '2.00', '0.00', '0.08', '0.01', '0.00', '0.00', '0.00', '0.00', '0.00', '0.01', '0.00', '0.00', '9.00', '1.00', '0.04', '1.00', '0.00', '0.00', '1.00'),
(582, 582, '52.50', '0.45', '0.00', '12.50', '0.00', '2.00', '7.00', '0.13', '0.00', '0.18', '5.21', '0.20', '0.00', '0.00', '0.09', '0.09', '0.00', '115.00', '14.00', '0.05', '80.00', '0.00', '0.00', '1.00'),
(583, 583, '43.00', '0.30', '0.00', '6.10', '0.00', '12.00', '34.00', '0.60', '0.02', '0.02', '0.40', '3.00', '0.00', '0.00', '0.00', '0.00', '0.00', '25.00', '5.00', '0.00', '6.00', '0.05', '0.02', '6.00'),
(584, 584, '237.00', '0.60', '7.60', '27.60', '0.00', '4.00', '14.00', '0.02', '0.00', '0.00', '0.00', '0.00', '0.00', '0.00', '0.00', '0.00', '0.00', '27.00', '4.00', '0.01', '6.00', '0.01', '0.51', '0.03'),
(585, 585, '32.00', '0.00', '0.05', '7.84', '0.00', '4.00', '12.00', '0.03', '0.00', '0.00', '0.00', '0.00', '0.00', '0.00', '0.00', '0.00', '0.00', '21.00', '4.00', '0.01', '5.00', '0.01', '0.39', '0.02'),
(586, 586, '231.00', '0.00', '0.00', '0.00', '0.10', '1.00', '36.00', '0.03', '0.00', '0.00', '0.00', '0.00', '0.00', '0.00', '0.00', '0.00', '0.00', '83.00', '71.00', '0.20', '6.00', '0.02', '0.10', '0.01'),
(587, 587, '36.00', '0.00', '0.00', '9.09', '0.00', '0.00', '10.00', '0.02', '0.00', '0.00', '0.00', '0.00', '0.00', '0.00', '0.00', '0.00', '0.00', '10.00', '57.00', '0.60', '7.00', '0.04', '0.19', '0.02'),
(588, 588, '401.00', '0.12', '0.73', '98.55', '0.00', '0.00', '0.00', '0.00', '0.00', '0.00', '0.00', '0.00', '0.00', '0.00', '0.00', '0.00', '0.00', '0.00', '2.00', '0.00', '0.00', '0.00', '0.00', '0.00'),
(589, 589, '110.00', '0.30', '0.10', '11.30', '0.00', '0.00', '5.00', '0.12', '0.00', '0.00', '0.00', '0.00', '0.00', '0.00', '0.00', '0.00', '0.00', '2.00', '1.00', '0.07', '0.00', '0.01', '0.00', '0.00'),
(590, 590, '82.00', '0.07', '0.00', '2.60', '0.00', '0.00', '5.00', '0.01', '0.00', '0.00', '0.00', '0.00', '0.00', '0.00', '0.00', '0.00', '0.00', '1.00', '1.00', '0.00', '0.00', '0.01', '0.00', '0.01'),
(591, 591, '85.00', '0.07', '0.00', '2.61', '0.00', '0.00', '3.00', '0.02', '0.00', '0.00', '0.00', '0.00', '0.00', '0.00', '0.00', '0.00', '0.00', '1.00', '0.00', '0.02', '0.00', '0.01', '0.05', '0.00'),
(592, 592, '231.00', '0.00', '0.00', '0.00', '0.00', '8.00', '23.00', '0.46', '0.00', '0.00', '0.00', '0.00', '0.00', '0.00', '0.00', '0.00', '0.00', '127.00', '4.00', '0.14', '12.00', '0.01', '0.22', '0.03'),
(593, 593, '250.00', '0.00', '0.00', '0.10', '0.00', '9.00', '18.00', '0.27', '0.00', '0.00', '0.00', '0.00', '0.00', '0.00', '0.00', '0.00', '0.00', '71.00', '5.00', '0.12', '10.00', '0.01', '0.11', '0.02'),
(594, 594, '169.49', '5.20', '7.83', '19.11', '0.25', '8.67', '53.42', '0.49', '0.03', '0.05', '1.69', '3.15', '8.24', '2.54', '2.64', '2.17', '15.66', '75.63', '240.38', '0.53', '10.65', '0.09', '0.04', '3.93'),
(595, 595, '80.37', '3.23', '0.31', '17.94', '1.99', '90.54', '78.62', '1.02', '0.11', '0.07', '0.48', '21.40', '0.00', '0.03', '0.13', '0.06', '0.00', '280.07', '431.88', '0.60', '17.46', '0.57', '0.00', '13.28'),
(596, 596, '245.98', '7.50', '10.32', '31.98', '1.27', '166.98', '151.41', '1.01', '0.04', '0.14', '0.23', '2.24', '83.09', '3.33', '1.04', '4.72', '90.36', '227.00', '215.40', '1.01', '22.94', '0.10', '0.36', '12.34'),
(597, 597, '122.57', '0.82', '0.29', '30.78', '3.12', '17.46', '12.93', '0.38', '0.01', '0.02', '0.36', '11.73', '0.00', '0.03', '0.16', '0.01', '0.00', '95.75', '1.00', '0.31', '11.92', '0.02', '0.00', '10.29'),
(598, 598, '151.05', '3.58', '2.91', '26.71', '0.05', '9.27', '54.48', '0.44', '0.02', '0.06', '0.54', '0.52', '17.04', '1.08', '0.42', '1.22', '39.62', '48.59', '136.90', '0.51', '12.82', '0.06', '0.08', '5.98'),
(599, 599, '140.94', '2.13', '5.03', '21.95', '0.04', '43.54', '45.88', '0.14', '0.02', '0.07', '0.24', '0.00', '48.10', '1.32', '0.25', '3.04', '19.40', '58.29', '60.54', '0.30', '8.31', '0.03', '0.10', '2.90'),
(600, 600, '132.70', '10.40', '2.01', '17.24', '0.45', '7.51', '121.17', '0.65', '0.10', '0.11', '3.66', '5.45', '244.31', '0.64', '0.59', '0.51', '14.16', '134.17', '227.10', '0.51', '27.73', '0.20', '2.64', '5.53'),
(601, 601, '174.95', '7.60', '8.79', '15.86', '0.93', '23.23', '90.08', '0.75', '0.11', '0.07', '2.03', '10.93', '6.93', '3.72', '1.40', '2.91', '26.47', '132.95', '264.04', '0.83', '15.48', '0.15', '0.28', '8.34'),
(602, 602, '258.01', '0.81', '20.97', '19.07', '1.39', '4.04', '21.28', '0.50', '0.03', '0.03', '0.42', '10.96', '0.00', '8.45', '2.15', '9.37', '8.70', '300.75', '487.93', '0.10', '22.79', '0.18', '0.00', '13.11'),
(603, 603, '200.17', '19.56', '11.00', '5.06', '0.41', '10.56', '373.54', '4.77', '0.15', '2.62', '11.37', '5.22', '4684.38', '3.24', '1.16', '4.88', '260.35', '364.02', '319.63', '3.84', '20.65', '0.58', '42.11', '196.80'),
(604, 604, '154.44', '10.60', '7.34', '13.80', '2.03', '18.99', '102.02', '1.49', '0.06', '0.09', '2.88', '9.04', '2.60', '3.64', '1.57', '2.09', '25.68', '354.94', '177.17', '3.26', '34.18', '0.25', '0.83', '13.95'),
(605, 605, '165.89', '6.13', '11.55', '10.89', '1.62', '17.16', '51.97', '1.09', '0.05', '0.07', '1.28', '7.40', '1.74', '4.28', '1.54', '4.24', '68.75', '190.92', '142.83', '0.75', '24.18', '0.13', '0.37', '11.31'),
(606, 606, '150.27', '4.80', '7.55', '18.97', '2.71', '16.21', '55.39', '0.96', '0.06', '0.05', '2.16', '12.74', '2.05', '3.48', '2.06', '1.56', '0.00', '338.47', '178.04', '0.54', '39.62', '0.22', '0.00', '18.60'),
(607, 607, '159.55', '11.29', '7.68', '12.84', '1.91', '13.85', '141.10', '0.88', '0.07', '0.05', '4.60', '8.37', '16.62', '3.48', '1.80', '1.66', '27.02', '391.16', '180.50', '0.62', '37.69', '0.34', '0.52', '12.81'),
(608, 608, '146.31', '2.26', '12.41', '7.22', '0.51', '44.22', '43.66', '0.23', '0.04', '0.04', '0.46', '4.04', '16.79', '5.01', '1.20', '5.35', '13.60', '131.88', '251.51', '0.30', '10.39', '0.08', '0.12', '5.30'),
(609, 609, '141.76', '7.40', '5.49', '17.10', '1.27', '10.91', '89.22', '0.72', '0.32', '0.12', '1.96', '9.99', '0.71', '2.37', '0.59', '1.94', '23.62', '386.91', '577.30', '0.79', '27.71', '0.32', '0.23', '13.71'),
(610, 610, '67.97', '7.44', '3.82', '0.55', '0.11', '44.71', '41.02', '0.40', '0.00', '0.04', '0.50', '0.55', '0.00', '1.51', '0.26', '1.56', '74.31', '51.49', '139.30', '0.88', '8.97', '0.01', '0.63', '3.50'),
(611, 611, '72.03', '2.60', '4.73', '5.33', '0.45', '4.77', '31.85', '0.18', '0.03', '0.02', '0.61', '2.34', '1.65', '1.87', '0.76', '1.87', '6.15', '101.59', '64.48', '0.17', '10.58', '0.05', '0.20', '5.34'),
(612, 612, '101.29', '6.27', '6.39', '4.49', '0.68', '9.55', '58.95', '0.42', '0.04', '0.08', '2.26', '4.30', '11.24', '2.68', '1.10', '2.12', '33.95', '121.12', '134.57', '0.46', '8.41', '0.11', '0.11', '3.77'),
(613, 613, '103.16', '5.68', '5.60', '7.32', '0.64', '10.66', '52.68', '0.37', '0.04', '0.06', '1.97', '6.43', '9.82', '2.36', '0.98', '1.81', '31.00', '161.82', '143.71', '0.44', '11.61', '0.12', '0.10', '7.34'),
(614, 614, '95.43', '6.63', '6.21', '3.10', '0.97', '10.18', '70.97', '0.54', '0.19', '0.09', '1.25', '5.23', '0.57', '2.57', '0.67', '2.43', '19.20', '131.09', '224.29', '0.69', '12.58', '0.10', '0.17', '12.04'),
(615, 615, '92.46', '8.48', '3.03', '8.29', '0.83', '27.38', '76.69', '3.29', '0.12', '0.11', '1.50', '7.85', '1.13', '1.34', '0.62', '0.80', '33.46', '200.14', '51.64', '0.93', '18.85', '0.15', '0.29', '8.12'),
(616, 616, '120.97', '8.44', '3.37', '13.79', '0.35', '18.13', '78.75', '2.51', '0.10', '0.10', '1.43', '2.76', '0.98', '1.45', '0.63', '1.05', '29.10', '125.17', '56.60', '0.92', '16.10', '0.11', '0.24', '4.96'),
(617, 617, '98.63', '4.59', '3.18', '13.55', '1.44', '22.44', '75.65', '0.81', '0.08', '0.07', '1.18', '0.62', '6.50', '1.22', '0.47', '0.92', '6.79', '121.94', '123.03', '0.80', '28.22', '0.09', '0.20', '9.41'),
(618, 618, '133.25', '7.51', '5.69', '13.18', '1.28', '60.06', '119.13', '0.73', '0.15', '0.15', '1.40', '1.78', '39.79', '1.74', '0.47', '2.69', '42.29', '140.53', '682.58', '1.00', '21.48', '0.11', '0.23', '6.38'),
(619, 619, '149.20', '7.41', '6.98', '14.78', '1.37', '55.78', '105.11', '1.03', '0.07', '0.10', '1.53', '3.95', '34.53', '2.76', '0.54', '3.20', '30.43', '150.80', '329.83', '2.22', '16.41', '0.11', '0.59', '10.78'),
(620, 620, '112.38', '7.35', '6.73', '6.46', '0.89', '7.72', '86.77', '0.36', '0.03', '0.03', '2.69', '6.71', '12.00', '2.90', '1.29', '2.08', '19.53', '229.66', '62.48', '0.39', '22.90', '0.21', '0.42', '8.78'),
(621, 621, '146.26', '6.33', '3.92', '22.66', '2.92', '23.68', '113.40', '0.92', '0.07', '0.05', '0.80', '14.10', '0.00', '0.74', '1.03', '1.54', '29.14', '271.94', '361.77', '0.81', '41.94', '0.11', '0.00', '16.04'),
(622, 622, '88.63', '2.53', '3.23', '13.23', '1.28', '10.62', '42.92', '0.55', '0.06', '0.06', '0.54', '16.68', '0.00', '0.38', '0.50', '0.85', '0.00', '140.90', '71.96', '0.34', '16.45', '0.06', '0.00', '11.20'),
(623, 623, '180.77', '4.11', '4.71', '31.98', '3.34', '13.75', '103.67', '1.33', '0.14', '0.08', '1.29', '15.36', '4.76', '0.88', '0.97', '1.86', '1.59', '251.02', '322.89', '0.73', '50.85', '0.15', '0.54', '18.95'),
(624, 624, '155.38', '7.59', '4.65', '21.64', '2.73', '14.74', '124.02', '0.88', '0.08', '0.07', '1.77', '12.90', '3.42', '1.01', '1.09', '1.85', '17.39', '290.66', '155.44', '0.66', '43.78', '0.17', '0.61', '18.24'),
(625, 625, '123.26', '1.28', '0.67', '29.22', '1.66', '18.13', '48.74', '0.78', '0.05', '0.02', '0.55', '10.24', '0.00', '0.17', '0.25', '0.10', '0.00', '155.00', '9.01', '0.33', '25.03', '0.08', '0.00', '6.96'),
(626, 626, '161.40', '8.85', '6.36', '16.51', '0.72', '15.56', '98.14', '0.63', '0.13', '0.10', '1.95', '3.50', '17.18', '2.47', '1.03', '2.43', '49.54', '153.31', '208.38', '0.98', '17.10', '0.16', '0.15', '8.73'),
(627, 627, '98.88', '0.71', '0.61', '23.89', '0.33', '15.32', '17.79', '0.75', '0.02', '0.05', '0.31', '5.41', '23.17', '0.00', '0.00', '0.00', '0.00', '0.00', '0.00', '0.00', '0.00', '0.00', '0.00', '0.00'),
(628, 628, '128.52', '1.77', '0.18', '32.86', '2.24', '31.51', '67.89', '2.77', '0.03', '0.05', '1.68', '5.92', '0.00', '0.01', '0.01', '0.01', '0.00', '87.74', '7.78', '0.44', '8.14', '0.02', '0.00', '2.34'),
(629, 629, '93.43', '0.56', '0.09', '22.93', '0.80', '7.94', '12.20', '0.14', '0.03', '0.02', '0.30', '5.11', '0.00', '0.02', '0.02', '0.03', '0.00', '112.60', '9.16', '0.13', '9.09', '0.04', '0.00', '7.61'),
(630, 630, '260.52', '0.96', '19.50', '21.59', '0.24', '0.00', '29.58', '0.32', '0.04', '0.04', '0.36', '3.13', '65.56', '7.16', '1.80', '9.54', '0.00', '0.00', '0.00', '0.12', '0.00', '0.00', '0.00', '0.00'),
(631, 631, '225.11', '0.83', '16.91', '20.31', '1.46', '1.91', '21.66', '0.38', '0.03', '0.03', '0.44', '11.72', '0.00', '6.19', '1.59', '8.31', '0.00', '317.83', '2.55', '0.09', '23.57', '0.19', '0.00', '14.01'),
(632, 632, '200.00', '10.42', '12.15', '14.45', '1.45', '273.66', '238.83', '0.41', '0.13', '0.12', '0.84', '3.11', '106.45', '3.08', '0.53', '6.34', '33.23', '191.20', '370.54', '1.50', '28.15', '0.06', '0.45', '26.54'),
(633, 633, '116.69', '4.01', '4.46', '15.38', '0.13', '129.56', '98.30', '0.12', '0.03', '0.14', '0.14', '0.68', '64.80', '1.10', '0.23', '2.46', '13.15', '99.80', '100.13', '0.52', '8.95', '0.02', '0.25', '3.16'),
(634, 634, '151.81', '8.67', '7.24', '12.33', '0.56', '11.57', '97.24', '0.99', '0.06', '0.11', '1.59', '3.02', '11.81', '3.02', '0.45', '2.94', '49.30', '154.76', '114.92', '1.60', '12.51', '0.18', '1.10', '7.72'),
(635, 635, '199.20', '4.83', '15.12', '12.12', '1.65', '86.30', '128.34', '0.89', '0.05', '0.18', '0.15', '0.90', '107.64', '3.32', '0.94', '9.90', '180.50', '157.22', '62.26', '0.77', '12.31', '0.08', '0.38', '24.04'),
(636, 636, '115.28', '5.14', '2.60', '18.56', '1.44', '20.31', '85.73', '1.42', '0.08', '0.08', '1.09', '7.60', '1.35', '0.83', '0.24', '1.04', '1.12', '25.60', '89.62', '0.68', '2.27', '0.02', '0.01', '4.44'),
(637, 637, '78.72', '1.22', '0.94', '17.12', '0.27', '57.36', '32.81', '0.38', '0.02', '0.06', '0.18', '2.90', '12.79', '0.23', '0.06', '0.53', '2.84', '153.79', '18.87', '0.48', '12.52', '0.03', '0.07', '3.16'),
(638, 638, '123.71', '2.60', '0.42', '27.60', '2.07', '12.36', '33.31', '1.15', '0.15', '0.11', '1.28', '8.99', '0.00', '0.04', '0.20', '0.05', '0.00', '91.65', '1.22', '0.20', '8.69', '0.03', '0.00', '30.00'),
(639, 639, '59.28', '0.26', '0.09', '15.11', '0.85', '10.93', '4.84', '0.12', '0.02', '0.01', '0.20', '17.77', '0.00', '0.02', '0.02', '0.02', '0.00', '71.00', '2.50', '0.04', '7.37', '0.03', '0.00', '7.22'),
(640, 640, '79.02', '1.00', '0.50', '18.52', '1.77', '8.56', '33.48', '0.41', '0.03', '0.02', '0.43', '12.90', '0.00', '0.12', '0.22', '0.06', '0.00', '96.36', '2.14', '0.26', '16.02', '0.06', '0.00', '7.34'),
(641, 641, '145.08', '12.25', '7.44', '7.71', '1.05', '39.12', '143.72', '1.19', '0.07', '0.13', '4.63', '2.50', '9.85', '2.90', '1.71', '2.01', '27.52', '237.67', '656.49', '1.10', '24.72', '0.28', '3.25', '8.40'),
(642, 642, '165.12', '11.52', '9.36', '10.05', '1.38', '10.20', '147.76', '0.52', '0.06', '0.05', '4.77', '8.25', '16.22', '4.13', '1.93', '2.62', '29.74', '396.57', '135.09', '0.62', '36.73', '0.38', '0.77', '12.53'),
(643, 643, '276.98', '7.80', '13.34', '32.25', '3.02', '137.83', '219.63', '1.21', '0.10', '0.10', '0.71', '0.36', '70.87', '4.65', '1.76', '5.58', '84.06', '169.26', '365.97', '1.42', '44.08', '0.17', '0.30', '16.05'),
(644, 644, '132.89', '19.20', '5.38', '0.66', '0.08', '19.99', '206.62', '1.84', '0.10', '0.15', '6.93', '0.46', '0.00', '1.49', '1.04', '1.58', '54.11', '327.42', '1301.90', '1.53', '20.15', '0.49', '6.80', '7.68'),
(645, 645, '88.49', '0.75', '0.22', '22.70', '1.23', '15.85', '17.63', '0.71', '0.07', '0.05', '0.44', '29.45', '0.00', '0.03', '0.04', '0.05', '0.00', '231.03', '8.44', '0.11', '15.97', '0.13', '0.00', '17.88'),
(646, 646, '252.93', '6.94', '12.86', '27.20', '0.76', '114.50', '121.58', '1.42', '0.19', '0.22', '1.51', '0.83', '68.21', '4.18', '1.15', '6.38', '32.27', '86.85', '123.69', '0.74', '12.25', '0.03', '0.23', '36.99'),
(647, 647, '350.02', '8.43', '17.65', '39.73', '1.59', '27.59', '99.39', '2.27', '0.27', '0.23', '2.28', '3.52', '51.54', '5.86', '1.60', '9.10', '62.69', '150.09', '548.41', '0.64', '18.28', '0.05', '0.06', '58.32'),
(648, 648, '361.99', '10.35', '20.21', '34.56', '1.37', '17.70', '106.49', '2.44', '0.26', '0.24', '2.75', '2.67', '45.20', '7.20', '1.57', '9.93', '53.48', '173.01', '480.98', '1.50', '16.12', '0.11', '0.76', '52.28'),
(649, 649, '343.67', '8.73', '20.30', '31.86', '1.59', '19.95', '87.24', '1.88', '0.22', '0.20', '2.99', '4.90', '63.09', '6.99', '2.19', '9.81', '55.74', '148.90', '328.82', '0.71', '15.44', '0.12', '0.10', '45.72'),
(650, 650, '255.19', '9.66', '13.54', '24.08', '3.38', '19.20', '135.48', '1.83', '0.16', '0.15', '2.41', '9.10', '0.00', '4.93', '0.64', '4.94', '30.32', '233.25', '281.16', '2.14', '44.73', '0.19', '0.61', '19.11'),
(651, 651, '219.46', '4.82', '15.64', '16.76', '1.32', '132.41', '104.50', '0.52', '0.04', '0.07', '0.37', '9.37', '49.61', '5.36', '1.26', '7.62', '23.40', '282.45', '455.81', '0.67', '24.61', '0.16', '0.21', '13.60'),
(652, 652, '91.49', '4.64', '4.34', '8.73', '0.92', '11.94', '66.22', '0.29', '0.04', '0.03', '1.83', '9.19', '7.35', '1.70', '0.53', '1.77', '13.48', '196.01', '59.48', '0.25', '13.58', '0.15', '0.26', '8.84'),
(653, 653, '143.82', '7.97', '6.66', '13.48', '0.92', '9.33', '114.18', '0.57', '0.05', '0.04', '3.05', '6.86', '12.67', '1.88', '0.63', '3.54', '22.76', '287.71', '185.12', '0.43', '23.86', '0.27', '0.59', '8.43'),
(654, 654, '46.95', '0.73', '0.23', '11.43', '1.11', '9.64', '18.04', '0.24', '0.05', '0.03', '0.43', '32.15', '0.00', '0.04', '0.07', '0.03', '0.00', '196.25', '0.87', '0.09', '12.39', '0.08', '0.00', '15.17'),
(655, 655, '43.20', '0.96', '0.14', '10.13', '0.60', '10.33', '23.22', '0.71', '0.03', '0.02', '0.23', '11.75', '2.53', '0.01', '0.02', '0.02', '0.00', '80.14', '600.19', '0.07', '5.01', '0.03', '0.00', '6.14'),
(656, 656, '125.79', '12.04', '7.30', '3.32', '0.86', '29.52', '139.74', '1.12', '0.05', '0.07', '1.82', '6.80', '18.91', '1.58', '0.54', '4.57', '45.60', '256.11', '289.31', '0.86', '33.13', '0.14', '2.79', '16.81'),
(657, 657, '145.25', '10.30', '8.24', '7.86', '0.88', '10.10', '128.74', '0.47', '0.05', '0.04', '3.50', '6.71', '17.79', '3.28', '1.05', '3.20', '32.62', '328.62', '113.81', '0.42', '23.37', '0.30', '0.71', '9.24'),
(658, 658, '80.31', '2.67', '2.13', '12.94', '1.22', '3.61', '49.36', '0.56', '0.10', '0.06', '0.91', '1.59', '2.57', '0.81', '0.17', '0.73', '4.82', '58.10', '7.97', '0.41', '17.13', '0.06', '0.04', '3.74'),
(659, 659, '129.10', '6.46', '5.96', '12.93', '1.15', '43.04', '62.62', '0.62', '0.03', '0.07', '1.47', '4.13', '5.63', '2.61', '1.10', '1.82', '36.11', '111.81', '189.41', '0.81', '19.31', '0.06', '0.33', '8.72'),
(660, 660, '128.80', '2.79', '0.31', '30.09', '3.03', '18.12', '15.34', '0.38', '0.01', '0.10', '0.37', '11.41', '0.00', '0.03', '0.16', '0.01', '0.00', '123.04', '31.24', '0.31', '13.46', '0.02', '0.01', '10.56'),
(661, 661, '299.46', '3.93', '5.04', '61.96', '0.58', '175.13', '96.24', '1.24', '0.02', '0.05', '0.14', '0.28', '46.17', '1.26', '0.26', '2.72', '14.42', '273.20', '180.14', '0.69', '25.55', '0.05', '0.19', '2.36'),
(662, 662, '64.16', '2.80', '2.70', '7.43', '0.92', '33.24', '50.02', '0.42', '0.07', '0.05', '0.66', '2.16', '12.14', '0.98', '0.20', '1.08', '7.54', '65.19', '271.40', '0.40', '10.75', '0.06', '0.08', '4.99'),
(663, 663, '257.61', '5.95', '20.64', '12.87', '0.41', '137.83', '127.76', '0.33', '0.05', '0.15', '0.30', '1.04', '111.44', '7.23', '1.78', '10.00', '79.05', '122.56', '621.66', '0.77', '14.31', '0.04', '0.32', '13.40'),
(664, 664, '241.80', '6.57', '21.90', '5.20', '0.40', '154.63', '140.94', '0.35', '0.05', '0.16', '0.30', '1.00', '122.29', '7.60', '1.86', '10.66', '86.28', '131.09', '686.28', '0.85', '15.16', '0.05', '0.36', '13.84'),
(665, 665, '128.16', '6.54', '5.84', '12.88', '1.12', '44.08', '63.44', '0.61', '0.03', '0.07', '1.47', '3.98', '6.08', '2.57', '1.09', '1.75', '36.71', '113.03', '68.20', '0.81', '19.52', '0.06', '0.33', '8.72'),
(666, 666, '226.02', '10.11', '16.93', '8.32', '1.25', '81.65', '120.66', '0.84', '0.19', '0.17', '1.85', '4.92', '56.68', '6.98', '1.46', '7.18', '70.27', '179.48', '636.92', '1.39', '11.49', '0.17', '0.67', '11.67'),
(667, 667, '103.29', '3.70', '6.54', '7.69', '0.82', '104.92', '83.30', '0.22', '0.03', '0.09', '0.48', '3.40', '40.12', '2.09', '0.46', '3.25', '11.75', '69.19', '491.05', '0.51', '7.08', '0.02', '0.18', '4.83'),
(668, 668, '179.81', '7.37', '8.84', '18.06', '0.19', '207.15', '164.16', '0.32', '0.04', '0.10', '0.29', '2.46', '132.41', '2.18', '0.40', '4.74', '25.25', '47.21', '274.85', '1.04', '8.78', '0.02', '0.34', '2.05'),
(669, 669, '86.62', '6.72', '0.68', '14.50', '1.13', '8.94', '68.69', '0.42', '0.04', '0.04', '1.53', '8.96', '0.00', '0.17', '0.14', '0.23', '14.96', '299.86', '178.59', '0.21', '22.86', '0.16', '0.47', '18.38'),
(670, 670, '168.47', '3.53', '2.94', '33.01', '1.76', '89.95', '115.58', '0.82', '0.07', '0.13', '0.44', '0.01', '29.12', '0.74', '0.50', '1.32', '6.47', '201.23', '34.23', '0.64', '30.47', '0.09', '0.16', '6.48'),
(671, 671, '135.27', '11.10', '7.32', '6.44', '0.92', '29.82', '136.91', '4.65', '0.10', '0.68', '4.06', '5.87', '457.55', '2.64', '1.17', '2.74', '114.17', '197.30', '713.31', '1.54', '20.25', '0.12', '3.73', '19.01'),
(672, 672, '141.13', '3.78', '3.06', '25.36', '1.31', '84.90', '105.28', '0.65', '0.10', '0.16', '0.71', '0.00', '33.32', '0.76', '0.14', '1.47', '7.40', '149.23', '38.18', '0.60', '30.11', '0.07', '0.18', '7.43'),
(673, 673, '111.48', '4.62', '2.43', '18.32', '3.32', '55.82', '94.63', '1.17', '0.09', '0.07', '0.67', '0.78', '15.69', '0.77', '0.18', '0.96', '4.43', '170.84', '203.22', '0.67', '29.58', '0.08', '0.07', '24.24'),
(674, 674, '98.44', '3.92', '2.72', '14.97', '1.41', '41.49', '89.84', '0.91', '0.08', '0.14', '0.67', '0.57', '32.51', '0.84', '0.30', '0.98', '49.94', '112.88', '285.73', '0.58', '26.57', '0.08', '0.16', '11.56'),
(675, 675, '244.17', '3.95', '18.41', '16.03', '1.58', '5.63', '76.84', '0.99', '0.18', '0.10', '1.86', '0.47', '0.71', '8.35', '1.91', '6.67', '21.88', '112.72', '176.44', '0.63', '28.12', '0.09', '0.20', '6.61'),
(676, 676, '86.28', '3.11', '5.86', '5.91', '1.03', '8.06', '30.23', '0.43', '0.02', '0.04', '0.99', '2.71', '0.84', '2.40', '0.90', '1.94', '27.86', '51.21', '329.50', '0.40', '9.50', '0.03', '0.15', '5.68'),
(677, 677, '170.10', '6.83', '11.53', '10.80', '1.88', '19.88', '73.39', '0.94', '0.05', '0.12', '1.80', '4.89', '16.59', '4.70', '1.82', '3.81', '85.50', '105.97', '611.35', '0.85', '18.37', '0.08', '0.34', '13.63'),
(678, 678, '364.09', '8.56', '8.02', '63.49', '2.07', '32.38', '125.06', '3.20', '0.40', '0.39', '3.35', '0.02', '66.80', '2.14', '0.70', '4.45', '56.90', '161.87', '824.78', '0.74', '24.22', '0.06', '0.13', '83.82'),
(679, 679, '237.23', '6.51', '10.27', '30.87', '0.32', '166.05', '140.62', '0.80', '0.04', '0.12', '0.24', '1.62', '131.10', '2.72', '0.61', '5.60', '66.14', '134.47', '238.21', '0.89', '13.54', '0.04', '0.31', '5.71'),
(680, 680, '361.82', '7.60', '8.64', '63.03', '1.74', '28.95', '88.78', '3.04', '0.38', '0.32', '3.18', '0.08', '75.55', '2.27', '0.72', '4.87', '59.50', '100.85', '769.30', '0.58', '15.78', '0.05', '0.09', '80.21'),
(681, 681, '268.77', '20.33', '19.93', '1.34', '0.15', '14.32', '266.72', '0.62', '0.07', '0.06', '7.95', '1.04', '36.73', '7.90', '2.40', '8.09', '67.33', '446.94', '174.11', '0.73', '31.66', '0.54', '1.30', '2.00'),
(682, 682, '183.91', '10.29', '12.54', '7.10', '0.67', '27.46', '125.35', '1.14', '0.07', '0.11', '2.15', '4.52', '3.79', '5.41', '1.23', '4.55', '42.20', '172.39', '326.70', '1.85', '11.82', '0.20', '1.50', '5.50'),
(683, 683, '179.25', '15.75', '12.83', '0.00', '0.00', '135.32', '132.08', '4.08', '0.40', '0.55', '2.83', '0.00', '0.00', '0.00', '0.00', '0.00', '0.00', '0.45', '2193.85', '0.01', '0.06', '0.00', '0.00', '0.00'),
(684, 684, '144.77', '5.27', '6.18', '19.02', '1.32', '143.42', '115.87', '0.39', '0.04', '0.07', '0.40', '10.54', '55.33', '1.51', '0.32', '3.32', '17.27', '318.24', '190.31', '0.73', '27.21', '0.19', '0.23', '14.01'),
(685, 685, '84.32', '4.22', '2.79', '10.49', '0.85', '30.61', '59.20', '0.36', '0.12', '0.09', '1.01', '5.48', '9.15', '1.11', '0.27', '1.10', '11.33', '87.28', '21.02', '0.49', '7.87', '0.06', '0.13', '5.38'),
(686, 686, '395.07', '7.72', '20.27', '47.28', '3.20', '123.13', '211.37', '1.28', '0.10', '0.11', '0.76', '0.13', '96.82', '6.93', '2.23', '9.34', '67.00', '211.31', '204.38', '1.35', '45.75', '0.17', '0.25', '11.83'),
(687, 687, '135.88', '2.62', '1.07', '30.00', '1.98', '13.78', '76.27', '0.77', '0.10', '0.02', '0.34', '3.52', '0.00', '0.33', '0.38', '0.18', '0.00', '95.06', '1.55', '0.62', '29.23', '0.04', '0.00', '6.99'),
(688, 688, '220.18', '3.23', '17.24', '13.56', '1.37', '26.07', '65.04', '0.53', '0.06', '0.08', '1.34', '5.65', '2.56', '6.01', '4.52', '5.80', '16.94', '44.62', '978.68', '0.41', '4.88', '0.04', '0.28', '1.90'),
(689, 689, '67.63', '1.71', '4.82', '4.67', '0.52', '3.78', '18.33', '0.20', '0.02', '0.02', '0.30', '3.74', '0.00', '1.86', '0.27', '2.34', '5.05', '74.01', '34.19', '0.29', '5.93', '0.04', '0.08', '4.96'),
(690, 690, '109.02', '3.31', '0.57', '22.53', '0.43', '20.88', '50.45', '0.37', '0.03', '0.04', '0.47', '3.79', '4.41', '0.15', '0.08', '0.25', '10.81', '120.26', '221.55', '0.41', '16.18', '0.08', '0.02', '5.12'),
(691, 691, '134.37', '7.48', '4.72', '15.42', '1.21', '13.88', '83.01', '0.97', '0.06', '0.08', '1.73', '9.58', '1.03', '2.32', '0.48', '1.99', '23.04', '156.75', '32.68', '2.60', '13.78', '0.12', '0.65', '8.34'),
(692, 692, '132.92', '4.07', '3.27', '21.19', '0.49', '7.66', '52.15', '0.50', '0.04', '0.06', '1.46', '3.04', '0.39', '1.28', '0.30', '1.44', '8.68', '67.87', '29.07', '0.71', '11.92', '0.06', '0.32', '6.18'),
(693, 693, '137.41', '7.81', '5.71', '13.14', '0.83', '11.73', '79.27', '0.62', '0.06', '0.09', '2.50', '7.54', '16.20', '2.48', '1.11', '1.63', '37.18', '154.48', '34.74', '0.71', '15.41', '0.16', '0.12', '8.66'),
(694, 694, '142.03', '4.41', '3.95', '21.68', '0.82', '9.09', '52.15', '0.51', '0.05', '0.04', '1.23', '9.64', '11.67', '1.67', '0.66', '1.33', '10.59', '88.82', '28.38', '0.56', '13.69', '0.10', '0.02', '8.78'),
(695, 695, '137.56', '4.76', '5.84', '16.18', '0.26', '120.26', '99.94', '0.24', '0.03', '0.09', '0.37', '1.03', '44.79', '1.63', '0.38', '3.09', '12.76', '102.15', '273.84', '0.69', '13.59', '0.05', '0.21', '5.85'),
(696, 696, '163.81', '5.86', '12.96', '6.69', '1.11', '11.98', '57.54', '0.68', '0.04', '0.06', '0.99', '6.18', '5.33', '5.22', '0.95', '5.80', '27.95', '170.40', '105.03', '0.96', '15.47', '0.11', '0.35', '11.67'),
(697, 697, '121.76', '4.17', '4.96', '15.04', '0.85', '86.44', '77.77', '0.26', '0.03', '0.08', '0.44', '2.44', '32.68', '1.42', '0.32', '2.57', '9.08', '51.61', '84.10', '0.48', '7.31', '0.02', '0.15', '3.81'),
(698, 698, '120.29', '4.41', '5.97', '12.46', '1.25', '21.64', '69.41', '0.65', '0.12', '0.10', '1.48', '2.71', '6.12', '2.09', '0.82', '2.11', '15.58', '98.66', '371.11', '0.74', '18.45', '0.14', '0.10', '4.72');
INSERT INTO `composicion_nutricional` (`com_nut_id`, `alimento_id`, `energia_kcal`, `proteinas_g`, `grasa_total_g`, `carbohidratos_g`, `fibra_dietetica_g`, `calcio_mg`, `fosforo_mg`, `hierro_mg`, `tiamina_mg`, `riboflavina_mg`, `niacina_mg`, `vitamina_c_mg`, `vitamina_a_equiv_retinol_mcg`, `acidos_grasos_monoinsaturados_g`, `acidos_grasos_poliinsaturados_g`, `acidos_grasos_saturados_g`, `colesterol_mg`, `potasio_mg`, `sodio_mg`, `zinc_mg`, `magnesio_mg`, `vitamina_b6_mg`, `vitamina_b12_mcg`, `folato_mcg`) VALUES
(699, 699, '119.35', '4.16', '4.36', '16.34', '1.84', '32.78', '104.64', '0.90', '0.08', '0.11', '1.05', '2.59', '9.09', '1.60', '1.10', '1.35', '2.85', '135.36', '531.30', '0.72', '36.53', '0.10', '0.05', '30.77'),
(700, 700, '104.17', '3.37', '7.19', '6.87', '1.11', '14.05', '40.45', '0.57', '0.04', '0.05', '0.82', '7.45', '3.76', '2.87', '0.53', '3.21', '15.92', '87.91', '109.71', '0.62', '6.85', '0.05', '0.24', '9.14'),
(701, 701, '147.43', '5.54', '5.07', '19.60', '1.08', '14.86', '48.48', '0.52', '0.03', '0.05', '1.33', '3.03', '10.64', '1.87', '0.76', '1.97', '13.71', '125.22', '112.71', '0.44', '11.28', '0.10', '0.03', '8.53'),
(702, 702, '148.90', '4.91', '8.35', '14.04', '1.68', '36.54', '93.23', '0.92', '0.15', '0.13', '1.00', '3.79', '36.74', '3.14', '0.81', '3.58', '46.92', '150.21', '487.85', '0.71', '24.36', '0.12', '0.16', '12.05'),
(703, 703, '145.79', '4.54', '8.02', '14.44', '1.73', '36.64', '85.67', '0.92', '0.09', '0.12', '0.99', '3.93', '38.19', '2.97', '0.87', '3.39', '44.69', '136.79', '516.79', '0.63', '24.16', '0.10', '0.12', '11.93'),
(704, 704, '176.40', '10.27', '12.52', '5.52', '0.48', '7.02', '77.01', '0.66', '0.23', '0.12', '2.38', '4.44', '4.85', '5.82', '1.38', '4.51', '37.00', '234.09', '304.25', '1.22', '14.82', '0.24', '0.56', '5.72'),
(705, 705, '68.33', '5.10', '1.65', '9.23', '1.14', '10.68', '67.90', '0.39', '0.04', '0.03', '1.75', '12.41', '8.10', '0.69', '0.29', '0.40', '14.85', '254.29', '19.74', '0.24', '17.83', '0.20', '0.33', '10.33'),
(706, 706, '156.12', '7.00', '7.84', '14.98', '1.32', '184.52', '148.91', '0.41', '0.05', '0.16', '0.27', '7.11', '85.22', '2.10', '0.56', '4.04', '61.11', '213.02', '207.39', '0.91', '16.73', '0.07', '0.38', '10.07'),
(707, 707, '173.44', '6.44', '10.09', '14.62', '1.57', '164.45', '134.21', '0.41', '0.06', '0.10', '0.94', '6.02', '91.60', '2.52', '0.43', '5.71', '28.03', '37.13', '926.84', '0.88', '6.80', '0.02', '0.26', '1.69'),
(708, 708, '295.86', '8.34', '12.78', '38.12', '3.54', '152.96', '239.14', '1.26', '0.11', '0.09', '0.84', '0.00', '99.01', '3.35', '1.37', '6.49', '47.98', '189.27', '455.93', '1.55', '51.69', '0.18', '0.27', '11.99'),
(709, 709, '100.26', '3.12', '0.67', '21.07', '3.02', '7.83', '68.72', '0.96', '0.10', '0.07', '1.10', '2.88', '0.81', '0.16', '0.03', '0.09', '0.00', '84.24', '135.58', '0.50', '27.64', '0.06', '0.00', '14.22'),
(710, 710, '99.04', '5.17', '1.85', '15.83', '1.67', '26.38', '67.13', '1.15', '0.08', '0.06', '0.95', '1.04', '0.68', '0.65', '0.07', '0.46', '34.09', '96.88', '178.39', '0.77', '29.31', '0.07', '0.29', '6.75'),
(711, 711, '81.63', '3.75', '3.36', '10.11', '0.95', '28.07', '54.12', '0.34', '0.04', '0.04', '0.65', '5.84', '5.63', '1.36', '0.68', '1.08', '18.14', '176.37', '129.26', '0.38', '19.68', '0.07', '0.03', '11.48'),
(712, 712, '76.15', '4.07', '3.29', '8.14', '0.75', '33.92', '40.59', '0.36', '0.03', '0.05', '0.71', '4.50', '5.00', '1.36', '0.56', '1.06', '28.61', '133.92', '121.58', '0.51', '15.83', '0.06', '0.26', '9.98'),
(713, 713, '61.81', '2.67', '3.42', '5.71', '0.56', '12.44', '37.54', '0.22', '0.02', '0.03', '1.00', '3.11', '5.54', '1.44', '0.65', '1.12', '5.39', '114.30', '70.03', '0.21', '12.24', '0.08', '0.12', '6.20'),
(714, 714, '83.22', '6.51', '3.77', '6.04', '0.82', '38.31', '59.45', '4.51', '0.03', '0.11', '0.92', '2.81', '8.70', '1.56', '0.63', '1.23', '25.97', '64.04', '441.88', '0.50', '10.52', '0.03', '0.25', '4.46'),
(715, 715, '286.00', '14.57', '14.81', '23.71', '2.30', '153.00', '198.00', '2.52', '0.43', '0.22', '4.14', '0.90', '62.00', '3.85', '2.06', '5.09', '25.00', '195.00', '685.00', '1.40', '24.00', '0.08', '0.50', '92.00'),
(716, 716, '261.00', '14.85', '10.55', '26.76', '2.20', '120.00', '183.00', '1.86', '0.26', '0.27', '3.10', '0.10', '54.00', '3.79', '1.89', '4.41', '27.00', '184.00', '589.00', '1.24', '23.00', '0.10', '0.68', '62.00'),
(717, 717, '320.00', '15.42', '20.89', '17.55', '2.30', '153.00', '198.00', '2.52', '0.43', '0.22', '4.14', '0.90', '62.00', '3.85', '2.06', '5.09', '25.00', '195.00', '685.00', '1.40', '24.00', '0.08', '0.50', '92.00'),
(718, 718, '280.00', '3.23', '12.48', '38.70', '1.50', '46.00', '97.00', '2.99', '0.21', '0.21', '3.14', '0.90', '0.00', '4.67', '3.14', '3.97', '33.00', '188.00', '342.00', '2.46', '18.00', '0.10', '1.21', '64.00'),
(719, 719, '286.00', '12.14', '14.69', '26.22', '1.40', '35.00', '111.00', '2.80', '0.19', '0.19', '3.23', '0.20', '0.00', '6.12', '3.02', '5.77', '46.00', '192.00', '289.00', '3.00', '18.00', '0.11', '1.37', '45.00'),
(720, 720, '260.00', '10.29', '12.45', '26.69', '0.00', '24.00', '99.00', '2.36', '0.24', '0.28', '3.72', '0.10', '0.00', '6.99', '1.74', '5.21', '45.00', '146.00', '684.00', '2.02', '13.00', '0.05', '0.52', '49.00'),
(721, 721, '233.00', '10.74', '12.84', '18.55', '3.10', '26.00', '106.00', '1.06', '0.15', '0.02', '2.14', '0.00', '0.00', '8.86', '1.80', '2.98', '0.00', '522.00', '757.00', '0.43', '30.00', '0.21', '0.00', '0.00'),
(722, 722, '250.00', '11.19', '15.33', '16.70', '0.00', '41.00', '203.00', '0.83', '0.03', '0.13', '6.11', '0.00', '27.00', '6.46', '5.90', '4.07', '109.00', '232.00', '754.00', '1.29', '23.00', '0.31', '0.38', '0.00'),
(723, 723, '266.00', '14.47', '17.06', '13.52', '0.00', '31.00', '228.00', '0.59', '0.05', '0.12', '8.88', '0.00', '19.00', '4.27', '3.80', '2.75', '82.00', '272.00', '589.00', '0.82', '26.00', '0.34', '0.31', '0.00'),
(724, 724, '252.00', '13.94', '15.66', '13.74', '0.00', '29.00', '211.00', '0.97', '0.04', '0.21', '4.99', '0.00', '22.00', '5.12', '4.29', '3.24', '117.00', '250.00', '625.00', '1.96', '23.00', '0.22', '0.54', '0.00'),
(725, 725, '226.00', '11.34', '12.37', '17.33', '0.00', '36.00', '202.00', '0.88', '0.04', '0.18', '4.90', '0.00', '28.00', '6.68', '5.12', '4.20', '99.00', '237.00', '667.00', '1.39', '21.00', '0.24', '0.44', '0.00'),
(726, 726, '252.00', '13.94', '15.66', '13.74', '0.00', '35.00', '192.00', '0.79', '0.02', '0.12', '5.49', '0.00', '23.00', '7.42', '8.57', '4.80', '107.00', '223.00', '765.00', '1.24', '22.00', '0.28', '0.39', '0.00'),
(727, 727, '247.00', '10.60', '14.84', '18.40', '0.00', '27.00', '215.00', '0.57', '0.04', '0.11', '8.14', '0.00', '17.00', '5.42', '6.28', '3.54', '76.00', '258.00', '607.00', '0.78', '24.00', '0.31', '0.32', '0.00'),
(728, 728, '337.00', '20.80', '23.00', '11.66', '0.00', '25.00', '198.00', '0.91', '0.04', '0.20', '4.60', '0.00', '19.00', '6.05', '6.35', '3.89', '109.00', '237.00', '632.00', '1.84', '21.00', '0.20', '0.54', '0.00'),
(729, 729, '286.00', '21.94', '18.14', '8.69', '0.00', '30.00', '189.00', '0.83', '0.04', '0.17', '4.45', '0.00', '23.00', '7.66', '7.74', '4.92', '91.00', '225.00', '682.00', '1.31', '20.00', '0.22', '0.45', '0.00'),
(730, 730, '337.00', '20.80', '23.00', '11.66', '1.00', '32.00', '299.00', '1.42', '0.18', '0.13', '8.11', '0.00', '0.00', '5.66', '10.09', '3.95', '40.00', '288.00', '1140.00', '0.98', '28.00', '0.50', '0.14', '0.00'),
(731, 731, '113.00', '8.32', '5.31', '6.20', '0.00', '35.00', '192.00', '0.79', '0.02', '0.12', '5.49', '0.00', '23.00', '7.42', '8.57', '4.80', '107.00', '223.00', '765.00', '1.24', '22.00', '0.28', '0.39', '0.00'),
(732, 732, '144.00', '0.91', '8.64', '15.65', '0.00', '35.00', '192.00', '0.79', '0.02', '0.12', '5.49', '0.00', '23.00', '7.42', '8.57', '4.80', '107.00', '223.00', '765.00', '1.24', '22.00', '0.28', '0.39', '0.00'),
(733, 733, '286.00', '12.14', '14.69', '26.22', '2.40', '46.00', '128.00', '1.79', '0.28', '0.16', '4.71', '0.20', '0.00', '3.70', '7.22', '2.72', '31.00', '196.00', '638.00', '0.62', '23.00', '0.15', '0.00', '33.00'),
(734, 734, '337.00', '20.80', '23.00', '11.66', '1.20', '0.00', '0.00', '0.00', '0.00', '0.00', '0.00', '0.00', '0.00', '0.00', '0.00', '2.40', '30.40', '0.00', '558.70', '0.00', '0.00', '0.00', '0.00', '0.00'),
(735, 735, '309.00', '17.17', '22.14', '10.30', '2.00', '28.00', '20.00', '0.21', '0.04', '0.02', '0.21', '14.60', '1.00', '1.96', '4.89', '1.30', '2.00', '140.00', '189.00', '0.15', '9.00', '0.12', '0.03', '0.00'),
(736, 736, '260.00', '18.75', '17.38', '7.16', '1.10', '61.00', '0.00', '0.57', '0.06', '0.06', '3.12', '10.00', '0.00', '2.11', '1.52', '1.41', '18.00', '254.00', '240.00', '0.00', '0.00', '0.00', '0.00', '0.00'),
(737, 737, '283.00', '4.05', '14.77', '33.55', '2.10', '31.00', '198.00', '1.18', '0.10', '0.06', '4.46', '0.00', '0.00', '8.86', '4.38', '3.99', '43.00', '265.00', '557.00', '1.24', '26.00', '0.17', '0.12', '3.00'),
(738, 738, '268.00', '21.24', '16.55', '8.47', '3.90', '89.00', '178.00', '1.19', '0.05', '0.06', '1.65', '0.40', '0.00', '4.41', '3.04', '4.38', '28.00', '209.00', '397.00', '1.75', '32.00', '0.09', '0.93', '19.00'),
(739, 739, '221.00', '22.54', '12.03', '5.53', '4.20', '124.00', '163.00', '2.37', '0.19', '0.10', '2.02', '0.40', '0.00', '1.26', '2.23', '2.31', '5.00', '261.00', '563.00', '0.86', '34.00', '0.10', '0.16', '50.00'),
(740, 740, '274.00', '20.62', '17.73', '7.96', '3.20', '93.00', '136.00', '2.26', '0.15', '0.15', '1.75', '0.00', '0.00', '3.28', '0.82', '3.05', '16.00', '245.00', '574.00', '1.05', '25.00', '0.10', '0.50', '45.00'),
(741, 741, '239.00', '22.30', '14.22', '5.39', '2.40', '94.00', '163.00', '1.56', '0.17', '0.17', '3.90', '0.00', '0.00', '2.56', '0.80', '2.35', '21.00', '264.00', '564.00', '0.65', '28.00', '0.13', '0.33', '48.00'),
(742, 742, '351.00', '17.67', '21.74', '21.18', '3.80', '89.00', '283.00', '1.12', '0.13', '0.13', '0.91', '0.00', '0.00', '12.72', '2.58', '4.70', '4.00', '182.00', '514.00', '1.15', '52.00', '0.18', '0.00', '13.00'),
(743, 743, '257.00', '11.82', '14.96', '20.08', '1.60', '84.00', '124.00', '2.41', '0.00', '0.00', '0.00', '0.00', '0.00', '0.00', '0.00', '0.00', '0.00', '227.00', '427.00', '2.69', '22.00', '0.18', '4.45', '0.34'),
(744, 744, '244.00', '14.10', '11.55', '22.17', '1.40', '144.00', '161.00', '2.10', '0.00', '0.00', '0.00', '0.00', '0.00', '0.00', '0.00', '0.00', '0.00', '219.00', '579.00', '2.63', '22.00', '0.16', '3.85', '0.35'),
(745, 745, '258.00', '14.59', '14.22', '19.95', '1.60', '116.00', '122.00', '2.00', '0.00', '0.00', '0.00', '0.00', '0.00', '0.00', '0.00', '0.00', '0.00', '181.00', '460.00', '1.91', '20.00', '0.18', '3.38', '0.21'),
(746, 746, '263.00', '12.97', '11.79', '27.81', '3.90', '19.00', '127.00', '0.80', '0.13', '0.01', '0.02', '0.01', '0.00', '0.00', '0.00', '0.00', '0.00', '596.00', '189.00', '0.51', '37.00', '0.18', '3.22', '0.04'),
(747, 747, '264.00', '12.92', '10.09', '30.28', '1.30', '127.00', '107.00', '2.87', '0.00', '0.00', '0.00', '0.00', '0.00', '0.00', '0.00', '0.00', '0.00', '192.00', '494.00', '1.95', '21.00', '0.25', '4.54', '0.24'),
(748, 748, '165.00', '3.97', '5.66', '25.55', '0.10', '129.00', '111.00', '0.61', '0.00', '0.00', '0.00', '0.00', '0.00', '0.00', '0.00', '0.00', '0.00', '198.00', '75.00', '0.50', '14.00', '0.05', '0.26', '0.23'),
(749, 749, '323.00', '3.41', '15.47', '42.58', '0.70', '164.00', '118.00', '2.09', '0.33', '0.00', '0.00', '0.02', '3.00', '0.00', '0.00', '0.00', '0.49', '188.00', '329.00', '1.50', '20.00', '0.23', '4.18', '0.26'),
(750, 750, '296.00', '15.27', '19.82', '14.09', '1.20', '171.00', '112.00', '1.81', '0.24', '0.00', '0.00', '0.04', '16.00', '0.00', '0.00', '0.00', '0.41', '282.00', '575.00', '1.05', '20.00', '0.34', '4.32', '0.27'),
(751, 751, '244.00', '11.02', '10.90', '25.38', '0.70', '136.00', '109.00', '1.57', '0.24', '0.00', '0.00', '0.04', '9.00', '0.00', '0.00', '0.00', '0.48', '177.00', '329.00', '0.67', '22.00', '0.19', '7.73', '0.22'),
(752, 752, '266.00', '11.39', '9.69', '33.33', '2.90', '17.00', '119.00', '0.73', '0.00', '0.10', '0.00', '0.08', '0.00', '0.00', '0.00', '0.00', '0.11', '467.00', '279.00', '0.44', '27.00', '0.14', '2.16', '0.03'),
(753, 753, '282.00', '11.74', '11.91', '31.98', '2.00', '76.00', '126.00', '2.87', '0.00', '0.00', '0.00', '0.00', '0.00', '0.00', '0.00', '0.00', '0.00', '217.00', '461.00', '2.38', '25.00', '0.33', '3.95', '0.23'),
(754, 754, '282.00', '11.74', '11.91', '31.98', '2.80', '93.00', '143.00', '2.50', '0.00', '0.00', '0.00', '0.00', '0.00', '0.00', '0.00', '0.00', '0.60', '178.00', '602.00', '2.40', '24.00', '0.30', '3.40', '0.24'),
(755, 755, '221.00', '12.33', '12.04', '15.95', '1.80', '39.00', '90.00', '4.37', '0.00', '0.00', '0.00', '0.00', '0.00', '0.00', '0.00', '0.00', '0.46', '169.00', '313.00', '2.83', '18.00', '0.22', '2.87', '0.18'),
(756, 756, '214.00', '10.52', '10.04', '20.43', '1.00', '82.00', '113.00', '2.00', '0.00', '0.00', '0.00', '0.00', '0.00', '0.00', '0.00', '0.00', '0.48', '169.00', '453.00', '1.60', '18.00', '0.21', '2.56', '0.20'),
(757, 757, '155.00', '12.17', '2.73', '20.34', '1.40', '35.00', '111.00', '2.80', '0.00', '0.00', '0.00', '0.00', '0.00', '0.00', '0.00', '0.00', '0.33', '192.00', '289.00', '3.00', '18.00', '0.19', '3.23', '0.19'),
(758, 758, '189.00', '8.05', '8.05', '21.07', '1.60', '78.00', '128.00', '5.30', '0.00', '0.00', '0.00', '0.00', '0.00', '0.00', '0.00', '0.00', '0.34', '189.00', '387.00', '3.50', '19.00', '0.27', '3.00', '0.21'),
(759, 759, '209.00', '7.35', '6.05', '31.23', '2.30', '12.00', '239.00', '0.63', '0.00', '0.00', '0.00', '0.00', '0.00', '0.00', '0.00', '0.00', '0.00', '367.00', '530.00', '0.56', '22.00', '0.13', '7.48', '0.11'),
(760, 760, '366.00', '5.15', '22.17', '36.38', '0.90', '37.00', '116.00', '1.50', '0.00', '0.00', '0.00', '0.00', '0.00', '0.00', '0.00', '0.00', '0.49', '206.00', '602.00', '0.49', '25.00', '0.20', '2.09', '0.18'),
(761, 761, '229.00', '8.86', '12.70', '19.85', '2.40', '46.00', '128.00', '1.79', '0.00', '0.00', '0.00', '0.00', '0.00', '0.00', '0.00', '0.00', '0.36', '196.00', '638.00', '0.62', '23.00', '0.28', '4.71', '0.16'),
(762, 762, '179.00', '9.84', '6.42', '20.51', '2.30', '188.00', '216.00', '2.48', '0.39', '0.20', '3.83', '1.40', '61.00', '2.61', '1.68', '4.47', '17.00', '172.00', '598.00', '1.34', '24.00', '0.08', '0.42', '93.00');

--
-- Volcado de datos para la tabla `composicion_nutricional_platillo`
--

INSERT INTO `composicion_nutricional_platillo` (`com_nut_platillo_id`, `m_platillo_id`, `energia_kcal`, `proteinas_g`, `grasa_total_g`, `carbohidratos_g`, `fibra_dietetica_g`, `calcio_mg`, `fosforo_mg`, `hierro_mg`, `tiamina_mg`, `riboflavina_mg`, `niacina_mg`, `vitamina_c_mg`, `vitamina_a_equiv_retinol_mcg`, `acidos_grasos_monoinsaturados_g`, `acidos_grasos_poliinsaturados_g`, `acidos_grasos_saturados_g`, `colesterol_mg`, `potasio_mg`, `sodio_mg`, `zinc_mg`, `magnesio_mg`, `vitamina_b6_mg`, `vitamina_b12_mcg`, `folato_mcg`, `es_real`) VALUES
(1, 1, '0.00', '0.00', '0.00', '0.00', '0.00', '0.00', '0.00', '0.00', '0.00', '0.00', '0.00', '0.00', '0.00', '0.00', '0.00', '0.00', '0.00', '0.00', '0.00', '0.00', '0.00', '0.00', '0.00', '0.00', 'NO'),
(11, 28, '3.58', '0.07', '0.01', '0.79', '0.01', '0.28', '1.15', '0.01', '0.00', '0.00', '0.02', '0.00', '0.00', '0.00', '0.00', '0.00', '0.00', '1.15', '0.05', '0.01', '0.25', '0.00', '0.00', '0.08', 'NO'),
(12, 29, '333.20', '14.85', '17.28', '30.92', '3.87', '36.68', '245.56', '2.51', '0.31', '0.12', '8.16', '11.57', '0.80', '11.24', '6.45', '3.93', '29.60', '494.86', '314.20', '4.84', '83.80', '0.33', '1.19', '100.38', 'NO'),
(13, 30, '213.00', '0.41', '0.14', '54.76', '1.10', '110.50', '65.50', '3.18', '0.04', '0.00', '0.85', '1.40', '0.00', '0.52', '0.16', '10.58', '0.00', '863.50', '26.00', '0.48', '139.50', '0.35', '0.00', '8.00', 'NO'),
(14, 31, '146.27', '4.73', '0.72', '29.51', '0.33', '7.37', '62.94', '0.43', '0.05', '0.04', '1.04', '0.39', '0.15', '0.26', '0.09', '0.21', '4.91', '77.94', '7.55', '0.87', '16.02', '0.11', '0.18', '5.60', 'NO'),
(15, 32, '121.81', '12.83', '3.54', '9.04', '0.20', '14.81', '149.35', '1.31', '0.07', '0.11', '5.06', '3.63', '0.00', '0.94', '0.69', '1.00', '34.07', '206.15', '819.72', '1.07', '12.69', '0.31', '4.28', '4.83', 'NO'),
(16, 33, '127.75', '6.28', '1.79', '23.92', '1.73', '6.00', '68.25', '0.97', '0.05', '0.08', '1.68', '13.80', '0.00', '1.64', '0.11', '1.47', '17.00', '448.00', '19.50', '1.23', '32.25', '0.31', '0.54', '18.00', 'NO'),
(17, 34, '345.00', '2.06', '37.00', '2.79', '0.00', '122.00', '101.00', '0.03', '0.06', '0.18', '0.09', '0.00', '1.00', '0.03', '0.00', '0.06', '2.00', '156.00', '42.00', '0.41', '11.00', '0.03', '0.50', '5.00', 'NO'),
(18, 35, '269.00', '11.84', '7.13', '37.66', '1.16', '17.00', '126.56', '3.13', '0.46', '0.08', '5.29', '0.66', '10.22', '3.47', '2.09', '2.43', '50.57', '138.67', '46.33', '1.21', '16.00', '0.22', '0.29', '125.67', 'NO'),
(19, 36, '216.57', '7.20', '2.83', '40.81', '2.97', '37.71', '88.86', '1.56', '0.20', '0.17', '2.67', '5.23', '0.00', '0.61', '0.41', '0.31', '0.00', '78.43', '284.57', '0.71', '18.43', '0.03', '0.00', '44.14', 'NO'),
(20, 37, '376.09', '7.65', '0.87', '81.70', '1.89', '34.78', '127.13', '4.85', '0.76', '0.04', '6.50', '0.00', '0.00', '0.17', '0.24', '0.17', '0.00', '65.35', '7.91', '1.33', '17.39', '0.20', '0.00', '205.35', 'NO'),
(21, 38, '380.01', '7.81', '0.95', '82.31', '1.89', '21.99', '118.00', '6.29', '0.91', '0.03', '7.00', '0.00', '0.00', '0.14', '0.24', '0.14', '0.00', '27.00', '10.01', '1.42', '14.01', '0.14', '0.00', '275.00', 'NO'),
(22, 39, '219.15', '2.78', '16.01', '18.45', '2.29', '39.01', '68.74', '0.90', '0.10', '0.07', '0.77', '5.76', '3.80', '5.66', '5.10', '1.32', '0.17', '140.82', '24.80', '0.44', '22.83', '0.11', '0.05', '13.66', 'NO'),
(23, 40, '261.21', '2.99', '5.68', '50.68', '7.77', '20.03', '139.33', '1.68', '0.29', '0.13', '2.23', '0.00', '0.00', '0.18', '0.54', '0.26', '0.00', '216.77', '5.79', '1.49', '64.74', '0.19', '0.00', '9.97', 'NO'),
(24, 41, '98.00', '7.35', '1.99', '12.70', '0.52', '15.93', '79.97', '0.96', '0.04', '0.07', '2.32', '6.33', '0.00', '1.90', '0.20', '1.74', '19.71', '116.67', '745.22', '1.51', '7.46', '0.12', '0.62', '7.75', 'NO'),
(25, 42, '332.67', '13.16', '30.35', '2.20', '0.15', '22.67', '112.80', '1.41', '0.04', '0.11', '2.84', '2.08', '0.00', '16.04', '10.96', '6.21', '40.80', '204.27', '707.40', '2.79', '12.53', '0.29', '1.31', '3.80', 'NO');

--
-- Volcado de datos para la tabla `d_platillo`
--

INSERT INTO `d_platillo` (`d_platillo_id`, `alimento_id`, `m_platillo_id`, `d_platillo_cantidad_g`) VALUES
(1, 555, 1, '34'),
(2, 290, 2, '70'),
(3, 144, 3, '20'),
(7, 4, 7, '203'),
(8, 4, 8, '203'),
(33, 400, 15, '40'),
(34, 70, 15, '20'),
(35, 517, 15, '10'),
(36, 189, 15, '10'),
(38, 676, 17, '100'),
(39, 2, 18, '44'),
(40, 2, 19, '44'),
(41, 2, 20, '44'),
(42, 2, 21, '44'),
(49, 3, 28, '1'),
(50, 140, 29, '40'),
(51, 181, 29, '24'),
(52, 2, 29, '10'),
(53, 354, 29, '40'),
(54, 247, 30, '100'),
(55, 537, 30, '100'),
(56, 3, 31, '78'),
(57, 8, 31, '766'),
(58, 33, 31, '65'),
(59, 343, 31, '75'),
(60, 5, 31, '25'),
(61, 644, 32, '34'),
(62, 198, 32, '20'),
(63, 4, 32, '34'),
(66, 433, 34, '34'),
(67, 2, 35, '40'),
(68, 400, 35, '40'),
(69, 225, 35, '10'),
(70, 84, 36, '30'),
(71, 198, 36, '40'),
(72, 2, 37, '34'),
(73, 5, 37, '12'),
(74, 2, 38, '29.56'),
(75, 157, 39, '20'),
(76, 198, 39, '20'),
(77, 151, 39, '5'),
(78, 167, 39, '10'),
(79, 17, 39, '5'),
(80, 472, 39, '10'),
(81, 495, 39, '5'),
(82, 496, 39, '5'),
(83, 433, 39, '7'),
(84, 4, 40, '44'),
(85, 18, 40, '34'),
(86, 198, 41, '34'),
(87, 496, 41, '5'),
(88, 350, 41, '20'),
(89, 166, 41, '5'),
(90, 165, 41, '5'),
(91, 350, 42, '45'),
(92, 472, 42, '20'),
(93, 496, 42, '5'),
(94, 151, 42, '5'),
(97, 1, 33, '8'),
(98, 211, 33, '40'),
(99, 145, 33, '10'),
(102, 4, 33, '0.01');

--
-- Volcado de datos para la tabla `d_preparacion_carta`
--

INSERT INTO `d_preparacion_carta` (`d_prep_carta_id`, `m_prep_carta_id`, `tipo_preparacion_id`, `d_prep_carta_cantidad_g`, `alimento_id`, `m_platillo_id`) VALUES
(1, 1, 6, '120.00', 640, NULL),
(2, 1, 8, '60.00', 70, NULL),
(3, 2, 8, '55.00', NULL, 35),
(4, 2, 6, '60.00', 282, NULL),
(5, 3, 5, '45.00', 273, NULL),
(6, 4, 3, '40.00', 659, NULL),
(7, 4, 1, '30.00', 695, NULL),
(8, 4, 2, '40.00', 126, NULL),
(9, 4, 4, '20.00', 655, NULL),
(10, 4, 9, '30.00', 249, NULL),
(11, 5, 6, '10.00', 145, NULL),
(12, 5, 5, '10.00', NULL, 1),
(13, 6, 6, '20.00', 583, NULL),
(14, 6, 8, '20.00', 70, NULL),
(15, 7, 6, '50.00', 249, NULL),
(16, 7, 8, '50.00', 6, NULL),
(17, 8, 6, '50.00', 145, NULL),
(18, 8, 8, '60.00', NULL, 42),
(19, 9, 6, '50.00', 430, NULL),
(20, 9, 8, '100.00', 598, NULL),
(21, 10, 6, '40.00', 438, NULL),
(22, 10, 8, '50.00', 406, NULL),
(23, 11, 5, '40.00', 209, NULL),
(24, 12, 5, '50.00', 273, NULL),
(25, 13, 5, '60.00', 279, NULL),
(26, 14, 5, '100.00', 290, NULL),
(27, 15, 5, '100.00', 291, NULL),
(28, 16, 5, '100.00', 291, NULL),
(29, 17, 1, '50.00', 695, NULL),
(30, 17, 3, '100.00', 10, NULL),
(31, 17, 2, '100.00', 353, NULL),
(32, 17, 4, '40.00', 501, NULL),
(33, 17, 9, '50.00', 249, NULL),
(34, 18, 1, '100.00', 696, NULL),
(35, 18, 3, '100.00', 691, NULL),
(36, 18, 2, '30.00', 96, NULL),
(37, 18, 4, '30.00', 189, NULL),
(38, 18, 9, '10.00', 279, NULL),
(39, 19, 1, '100.00', 697, NULL),
(40, 19, 3, '100.00', NULL, 15),
(41, 19, 2, '23.00', 5, NULL),
(42, 19, 4, '39.00', 192, NULL),
(43, 19, 9, '88.00', 209, NULL),
(44, 20, 1, '100.00', 698, NULL),
(45, 20, 3, '100.00', NULL, 42),
(46, 20, 2, '30.00', 521, NULL),
(47, 21, 1, '100.00', 699, NULL),
(48, 21, 3, '100.00', 693, NULL),
(49, 21, 2, '40.00', 208, NULL),
(50, 21, 4, '40.00', 161, NULL),
(51, 21, 9, '30.00', 279, NULL),
(52, 22, 6, '100.00', 561, NULL),
(53, 22, 5, '40.00', 290, NULL),
(54, 23, 6, '20.00', 238, NULL),
(55, 23, 5, '30.00', 285, NULL),
(56, 24, 6, '30.00', 578, NULL),
(57, 24, 5, '60.00', 299, NULL),
(58, 25, 6, '50.00', 296, NULL),
(59, 25, 5, '45.00', 295, NULL);

--
-- Volcado de datos para la tabla `grupo_edad`
--

INSERT INTO `grupo_edad` (`grupo_edad_id`, `grupo_edad_descripcion`) VALUES
(1, 'Un año'),
(2, 'Un año y medio'),
(3, 'Dos años'),
(4, 'Dos años y medio'),
(5, 'Tres años'),
(6, 'Tres años y medio'),
(7, 'Cuatro años'),
(8, 'Cuatro años y medio'),
(9, 'Cinco años');

--
-- Volcado de datos para la tabla `grupo_platillo`
--

INSERT INTO `grupo_platillo` (`grupo_platillo_id`, `grupo_platillo_nombre`, `grupo_platillo_descripcion`) VALUES
(1, 'ENTRADAS', 'NO APLICA EN DIETAS INFANTILES'),
(2, 'SOPAS', 'SOPAS'),
(3, 'PLATOS FUERTES', 'PLATOS FUERTES'),
(4, 'BREAKS', 'BREAKS'),
(5, 'FRUTAS O JUGOS', 'frutas o jugos'),
(6, 'OTROS', 'POSTRES');

--
-- Volcado de datos para la tabla `m_platillo`
--

INSERT INTO `m_platillo` (`m_platillo_id`, `tipo_receta_id`, `m_platillo_nombre`, `m_platillo_descripcion`, `m_platillo_cantidad_total_g`) VALUES
(1, 1, 'preparacion de manzana', 'm', '34.00'),
(2, 2, 'pera', 'pera', '70.00'),
(3, 4, 'leche', 'leche', '20.00'),
(7, 3, 'arroz', 'arroz', '203.00'),
(8, 3, 'arroz', 'arroz', '203.00'),
(15, 3, 'sanduche de pollo', 'sanduche de pollo', '80.00'),
(17, 2, 'papas con cuero', 'papas con cuero', '100.00'),
(18, 3, 'll', 'll', '44.00'),
(19, 3, 'll', 'll', '44.00'),
(20, 3, 'll', 'll', '44.00'),
(21, 3, 'll', 'll', '44.00'),
(28, 4, 'e', 'e', '1.00'),
(29, 3, 'sopa de zambo', 'sopa de zambo', '114.00'),
(30, 4, 'mermelada de reina claudia', 'mermelada de reina claudia', '200.00'),
(31, 2, 'kk', 'j', '1009.00'),
(32, 4, 'cuy asado', 'cobaya asada en parilla', '54.00'),
(33, 2, 'Sopa de verde', 'platano verde cocido', '58.00'),
(34, 4, 'otra cosa', 'otra cosa', '34.00'),
(35, 5, 'guarnicion1 ', 'guarcnicion2', '90.00'),
(36, 3, 'sopa de quinua', 'sopa de quinua', '70.00'),
(37, 2, 'rr', 'ee', '46.00'),
(38, 3, 'Nueva sopa ', 'otra sopa', '29.56'),
(39, 1, 'Crema de apio', 'Crema de apio', '82.00'),
(40, 1, 'hh', 'h', '78.00'),
(41, 2, 'caldo de papas', 'caldo de papas', '69.00'),
(42, 4, 'carne FRITA', 'carne', '75.00');

--
-- Volcado de datos para la tabla `m_prep_carta`
--

INSERT INTO `m_prep_carta` (`m_prep_carta_id`, `m_prep_carta_nombre`, `m_prep_carta_descripcion`, `tiempo_comida_id`, `grupo_edad_id`) VALUES
(1, 'colada con pan', 'colada  con pan ', 2, 5),
(2, 'guarnicion', 'guarnicion ', 2, 5),
(3, 'fruta media mañana', 'fruta media mañana', 3, 5),
(4, 'nuevo menu', 'okoko', 4, 4),
(5, 'uuuu', 'uu', 5, 5),
(6, 'desayuno 1', 'desayuno 1', 2, 9),
(7, 'desayuno 2', 'desayuno 2', 2, 9),
(8, 'desayuno 3', 'desayuno 3', 2, 9),
(9, 'desayuno 4', 'desayuno 4', 2, 9),
(10, 'desayuno 5', 'desayuno 5', 2, 9),
(11, 'media mañana 1', 'media mañana 1', 3, 9),
(12, 'media mañana 2', 'media mañana 2', 3, 9),
(13, 'media mañana 3', 'media mañana 3', 3, 9),
(14, 'media mañana 4', 'media mañana 4', 3, 9),
(15, 'media mañana 5', 'media mañana 5', 3, 9),
(16, 'media mañana 5', 'media mañana 5', 3, 9),
(17, 'almuerzo 1', 'almuerzo 1', 4, 9),
(18, 'almuerzo 2', 'almuerzo 2', 4, 9),
(19, 'almuerzo 3', 'almuerzo 3', 4, 9),
(20, 'almuerzo 4', 'almuerzo 4', 4, 9),
(21, 'almuerzo 5', 'almuerzo 5', 4, 9),
(22, 'media tarde 1', 'media tarde 1', 5, 9),
(23, 'media tarde 2', 'media tarde 2', 5, 9),
(24, 'media tarde 3', 'media tarde 3', 5, 9),
(25, 'media tarde 4', 'media tarde 4', 5, 9);

--
-- Volcado de datos para la tabla `nutriente`
--

INSERT INTO `nutriente` (`nutriente_id`, `nutriente_nombre`) VALUES
(3, 'energia_kcal'),
(4, 'proteinas_g'),
(5, 'grasa_total_g'),
(6, 'carbohidratos_g'),
(7, 'fibra_dietetica_g'),
(11, 'calcio_mg'),
(12, 'fosforo_mg'),
(13, 'hierro_mg'),
(14, 'tiamina_mg'),
(15, 'riboflavina_mg'),
(16, 'niacina_mg'),
(17, 'vitamina_c_mg'),
(18, 'vitamina_a_eqiv_retinol_mcg'),
(19, 'acidos_grasos_monoinsat_g'),
(20, 'acidos_grasos_poliinsaturad_g'),
(21, 'acidos_grasos_saturados_g'),
(22, 'colesterol_mg'),
(23, 'potasio_mg'),
(24, 'sodio_mg'),
(25, 'zinc_mg'),
(26, 'magnesio_mg'),
(27, 'vitamina_b6_mg'),
(28, 'vitamina_b12_mcg'),
(29, 'folato_mcg');

--
-- Volcado de datos para la tabla `periodo`
--

INSERT INTO `periodo` (`periodo_id`, `fecha_inicio`, `fecha_fin`, `estado`) VALUES
(1, '2015-09-15', '2016-08-31', 'ACTIVO');

--
-- Volcado de datos para la tabla `rango_nutriente`
--

INSERT INTO `rango_nutriente` (`ran_nut_id`, `nutriente_id`, `tiempo_comida_id`, `grupo_edad_id`, `ran_nut_valor_min`, `ran_nut_valor_max`) VALUES
(1, 4, 2, 1, '16.09', '20.38'),
(2, 4, 3, 1, '8.04', '10.19'),
(3, 4, 4, 1, '24.13', '30.57'),
(4, 4, 5, 1, '8.04', '10.19'),
(5, 4, 2, 2, '18.39', '22.65'),
(6, 4, 3, 2, '9.19', '11.33'),
(7, 4, 4, 2, '27.58', '33.98'),
(8, 4, 5, 2, '9.19', '11.33'),
(9, 4, 2, 3, '20.69', '24.93'),
(10, 4, 3, 3, '10.34', '12.46'),
(11, 4, 4, 3, '31.03', '37.39'),
(12, 4, 5, 3, '10.34', '12.46'),
(13, 4, 2, 4, '22.01', '27.46'),
(14, 4, 3, 4, '11.01', '13.73'),
(15, 4, 4, 4, '33.02', '41.19'),
(16, 4, 5, 4, '11.01', '13.73'),
(17, 4, 2, 5, '23.34', '29.99'),
(18, 4, 3, 5, '11.67', '15.00'),
(19, 4, 4, 5, '35.00', '44.99'),
(20, 4, 5, 5, '11.67', '15.00'),
(21, 4, 2, 6, '24.51', '31.77'),
(22, 4, 3, 6, '12.25', '15.88'),
(23, 4, 4, 6, '36.76', '47.65'),
(24, 4, 5, 6, '12.25', '15.88'),
(25, 4, 2, 7, '25.68', '33.55'),
(26, 4, 3, 7, '12.84', '16.77'),
(27, 4, 4, 7, '38.52', '50.32'),
(28, 4, 5, 7, '12.84', '16.77'),
(29, 4, 2, 8, '26.77', '35.26'),
(30, 4, 3, 8, '13.38', '17.63'),
(31, 4, 4, 8, '40.15', '52.88'),
(32, 4, 5, 8, '13.38', '17.63'),
(33, 4, 2, 9, '27.86', '36.97'),
(34, 4, 3, 9, '13.93', '18.48'),
(35, 4, 4, 9, '41.79', '55.45'),
(36, 4, 5, 9, '13.93', '18.48'),
(37, 5, 2, 1, '40.22', '50.94'),
(38, 5, 3, 1, '20.11', '25.47'),
(39, 5, 4, 1, '60.33', '76.42'),
(40, 5, 5, 1, '20.11', '25.47'),
(41, 5, 2, 2, '45.97', '56.63'),
(42, 5, 3, 2, '22.99', '28.32'),
(43, 5, 4, 2, '66.96', '84.95'),
(44, 5, 5, 2, '22.99', '28.32'),
(45, 5, 2, 3, '51.72', '62.32'),
(46, 5, 3, 3, '25.86', '31.16'),
(47, 5, 4, 3, '77.58', '93.49'),
(48, 5, 5, 3, '25.86', '31.16'),
(49, 5, 2, 4, '55.03', '68.65'),
(50, 5, 3, 4, '27.52', '34.32'),
(51, 5, 4, 4, '82.55', '102.97'),
(52, 5, 5, 4, '27.52', '34.32'),
(53, 5, 2, 5, '58.34', '74.98'),
(54, 5, 3, 5, '29.17', '37.49'),
(55, 5, 4, 5, '87.51', '112.46'),
(56, 5, 5, 5, '29.17', '37.49'),
(57, 5, 2, 6, '61.27', '79.42'),
(58, 5, 3, 6, '30.63', '39.71'),
(59, 5, 4, 6, '91.90', '119.13'),
(60, 5, 5, 6, '30.63', '39.71'),
(61, 5, 2, 7, '64.20', '83.86'),
(62, 5, 3, 7, '32.10', '41.93'),
(63, 5, 4, 7, '96.30', '125.80'),
(64, 5, 5, 7, '32.10', '41.93'),
(65, 5, 2, 8, '66.92', '88.14'),
(66, 5, 3, 8, '33.46', '44.07'),
(67, 5, 4, 8, '100.38', '132.21'),
(68, 5, 5, 8, '33.46', '44.07'),
(69, 5, 2, 9, '69.64', '92.42'),
(70, 5, 3, 9, '34.82', '46.21'),
(71, 5, 4, 9, '104.46', '138.63'),
(72, 5, 5, 9, '34.82', '46.21'),
(73, 6, 2, 1, '77.76', '98.49'),
(74, 6, 3, 1, '38.88', '49.95'),
(75, 6, 4, 1, '116.63', '147.74'),
(76, 6, 5, 1, '38.88', '49.25'),
(77, 6, 2, 2, '88.88', '109.49'),
(78, 6, 3, 2, '44.44', '54.75'),
(79, 6, 4, 2, '133.32', '164.24'),
(80, 6, 5, 2, '44.44', '54.75'),
(81, 6, 2, 3, '100.00', '120.49'),
(82, 6, 3, 3, '50.00', '60.25'),
(83, 6, 4, 3, '150.00', '180.74'),
(84, 6, 5, 3, '50.00', '60.25'),
(85, 6, 2, 4, '106.39', '133.72'),
(86, 6, 3, 4, '53.20', '66.36'),
(87, 6, 4, 4, '159.59', '199.08'),
(88, 6, 5, 4, '53.20', '66.36'),
(89, 6, 2, 5, '112.79', '144.95'),
(90, 6, 3, 5, '56.40', '72.48'),
(92, 6, 4, 5, '169.19', '217.43'),
(93, 6, 5, 5, '56.40', '72.48'),
(94, 6, 2, 6, '118.45', '153.55'),
(95, 6, 3, 6, '59.23', '76.77'),
(96, 6, 4, 6, '177.68', '230.32'),
(97, 6, 5, 6, '59.23', '76.77'),
(98, 6, 2, 7, '124.12', '162.14'),
(99, 6, 3, 7, '62.06', '81.07'),
(100, 6, 4, 7, '186.17', '243.21'),
(101, 6, 5, 7, '62.06', '81.07'),
(102, 6, 2, 8, '129.38', '170.41'),
(103, 6, 3, 8, '64.69', '85.20'),
(104, 6, 4, 8, '194.07', '255.61'),
(105, 6, 5, 8, '64.69', '85.20'),
(106, 6, 2, 9, '134.64', '178.67'),
(107, 6, 3, 9, '67.32', '89.34'),
(108, 6, 4, 9, '201.96', '268.01'),
(109, 6, 5, 9, '67.32', '89.34'),
(110, 18, 2, 1, '79.99', '80.00'),
(111, 18, 3, 1, '39.99', '40.00'),
(112, 18, 4, 1, '119.99', '120.00'),
(113, 18, 5, 1, '39.99', '40.00'),
(114, 18, 2, 2, '79.99', '80.00'),
(115, 18, 3, 2, '39.99', '40.00'),
(116, 18, 4, 2, '119.99', '120.00'),
(117, 18, 5, 2, '39.99', '40.00'),
(118, 18, 2, 3, '79.99', '80.00'),
(119, 18, 3, 3, '39.99', '40.00'),
(120, 18, 5, 3, '39.99', '40.00'),
(121, 18, 4, 3, '119.99', '120.00'),
(122, 18, 2, 4, '79.99', '80.00'),
(123, 18, 3, 4, '39.99', '40.00'),
(124, 18, 5, 4, '39.99', '40.00'),
(125, 18, 4, 4, '119.99', '120.00'),
(126, 18, 2, 5, '79.99', '80.00'),
(127, 18, 3, 5, '39.99', '40.00'),
(128, 18, 5, 5, '39.99', '40.00'),
(129, 18, 4, 5, '119.99', '120.00'),
(130, 18, 2, 6, '84.99', '85.00'),
(131, 18, 3, 6, '42.49', '42.50'),
(132, 18, 5, 6, '42.49', '42.50'),
(133, 18, 4, 6, '127.49', '127.50'),
(134, 18, 2, 7, '89.99', '90.00'),
(135, 18, 3, 7, '44.99', '45.00'),
(136, 18, 5, 7, '44.99', '45.00'),
(137, 18, 4, 7, '134.99', '135.00'),
(138, 18, 2, 8, '89.99', '90.00'),
(139, 18, 3, 8, '44.99', '45.00'),
(140, 18, 5, 8, '44.99', '45.00'),
(141, 18, 4, 8, '134.99', '135.00'),
(142, 18, 2, 9, '89.99', '90.00'),
(143, 18, 3, 9, '44.99', '45.00'),
(144, 18, 5, 9, '44.99', '45.00'),
(145, 18, 4, 9, '134.99', '135.00'),
(146, 17, 2, 1, '5.99', '6.00'),
(147, 17, 3, 1, '2.99', '3.00'),
(148, 17, 5, 1, '2.99', '3.00'),
(149, 17, 4, 1, '8.99', '9.00'),
(150, 17, 2, 2, '5.99', '6.00'),
(151, 17, 3, 2, '2.99', '3.00'),
(152, 17, 5, 2, '2.99', '3.00'),
(153, 17, 4, 2, '8.99', '9.00'),
(154, 17, 2, 3, '5.99', '6.00'),
(155, 17, 3, 3, '2.99', '3.00'),
(156, 17, 5, 3, '2.99', '3.00'),
(157, 17, 4, 3, '8.99', '9.00'),
(158, 17, 2, 4, '5.99', '6.00'),
(159, 17, 3, 4, '2.99', '3.00'),
(160, 17, 5, 4, '2.99', '3.00'),
(161, 17, 4, 4, '8.99', '9.00'),
(162, 17, 2, 5, '5.99', '6.00'),
(163, 17, 3, 5, '2.99', '3.00'),
(164, 17, 5, 5, '2.99', '3.00'),
(165, 17, 4, 5, '8.99', '9.00'),
(166, 17, 2, 6, '5.99', '6.00'),
(167, 17, 3, 6, '2.99', '3.00'),
(168, 17, 5, 6, '2.99', '3.00'),
(169, 17, 4, 6, '8.99', '9.00'),
(170, 17, 2, 7, '5.99', '6.00'),
(171, 17, 3, 7, '2.99', '3.00'),
(172, 17, 5, 7, '2.99', '3.00'),
(173, 17, 4, 7, '8.99', '9.00'),
(174, 17, 2, 8, '5.99', '6.00'),
(175, 17, 3, 8, '2.99', '3.00'),
(176, 17, 5, 8, '2.99', '3.00'),
(177, 17, 4, 8, '8.99', '9.00'),
(178, 17, 2, 9, '5.99', '6.00'),
(179, 17, 3, 9, '2.99', '3.00'),
(180, 17, 5, 9, '2.99', '3.00'),
(181, 17, 4, 9, '8.99', '9.00'),
(182, 14, 2, 1, '0.09', '0.10'),
(184, 14, 3, 1, '0.04', '0.05'),
(185, 14, 5, 1, '0.04', '0.05'),
(186, 14, 4, 1, '0.14', '0.15'),
(187, 14, 2, 2, '0.09', '0.10'),
(188, 14, 3, 2, '0.04', '0.05'),
(189, 14, 5, 2, '0.04', '0.05'),
(190, 14, 4, 2, '0.14', '0.15'),
(191, 14, 2, 3, '0.09', '0.10'),
(192, 14, 3, 3, '0.04', '0.05'),
(193, 14, 5, 3, '0.04', '0.05'),
(194, 14, 4, 3, '0.14', '0.15'),
(195, 14, 2, 4, '0.09', '0.10'),
(196, 14, 3, 4, '0.04', '0.05'),
(197, 14, 5, 4, '0.04', '0.05'),
(198, 14, 4, 4, '0.14', '0.15'),
(199, 14, 2, 5, '0.09', '0.10'),
(200, 14, 3, 5, '0.04', '0.05'),
(201, 14, 5, 5, '0.04', '0.05'),
(202, 14, 4, 5, '0.14', '0.15'),
(203, 14, 2, 6, '0.10', '0.11'),
(204, 14, 3, 6, '0.05', '0.06'),
(205, 14, 5, 6, '0.05', '0.06'),
(206, 14, 4, 6, '0.16', '0.17'),
(207, 14, 2, 7, '0.11', '0.12'),
(208, 14, 3, 7, '0.05', '0.06'),
(209, 14, 5, 7, '0.05', '0.06'),
(210, 14, 4, 7, '0.17', '0.18'),
(211, 14, 2, 8, '0.11', '0.12'),
(212, 14, 3, 8, '0.05', '0.06'),
(213, 14, 5, 8, '0.05', '0.06'),
(214, 14, 4, 8, '0.17', '0.18'),
(215, 14, 2, 9, '0.11', '0.12'),
(216, 14, 3, 9, '0.05', '0.06'),
(217, 14, 5, 9, '0.05', '0.06'),
(218, 14, 4, 9, '0.17', '0.18'),
(219, 15, 2, 1, '0.09', '0.10'),
(220, 15, 3, 1, '0.04', '0.05'),
(221, 15, 5, 1, '0.04', '0.05'),
(222, 15, 4, 1, '0.14', '0.15'),
(223, 15, 2, 2, '0.09', '0.10'),
(224, 15, 3, 2, '0.04', '0.05'),
(225, 15, 5, 2, '0.04', '0.05'),
(226, 15, 4, 2, '0.14', '0.15'),
(227, 15, 2, 3, '0.09', '0.10'),
(228, 15, 3, 3, '0.04', '0.05'),
(229, 15, 5, 3, '0.04', '0.05'),
(230, 15, 4, 3, '0.14', '0.15'),
(231, 15, 2, 4, '0.09', '0.10'),
(232, 15, 3, 4, '0.04', '0.05'),
(233, 15, 5, 4, '0.04', '0.05'),
(234, 15, 4, 4, '0.14', '0.15'),
(235, 15, 2, 5, '0.09', '0.10'),
(236, 15, 3, 5, '0.04', '0.05'),
(237, 15, 5, 5, '0.04', '0.05'),
(238, 15, 4, 5, '0.14', '0.15'),
(239, 15, 2, 6, '0.10', '0.11'),
(240, 15, 3, 6, '0.05', '0.06'),
(242, 15, 5, 6, '0.05', '0.06'),
(243, 15, 4, 6, '0.16', '0.17'),
(244, 15, 2, 7, '0.11', '0.12'),
(245, 15, 3, 7, '0.05', '0.06'),
(246, 15, 5, 7, '0.05', '0.06'),
(247, 15, 4, 7, '0.17', '0.18'),
(248, 15, 2, 8, '0.11', '0.12'),
(249, 15, 3, 8, '0.05', '0.06'),
(250, 15, 5, 8, '0.05', '0.06'),
(251, 15, 4, 8, '0.17', '0.18'),
(252, 15, 2, 9, '0.11', '0.12'),
(253, 15, 3, 9, '0.05', '0.06'),
(254, 15, 5, 9, '0.05', '0.06'),
(255, 15, 4, 9, '0.17', '0.18'),
(256, 16, 2, 1, '1.19', '1.20'),
(257, 16, 3, 1, '0.59', '0.60'),
(258, 16, 5, 1, '0.59', '0.60'),
(259, 16, 4, 1, '1.79', '1.80'),
(260, 16, 2, 2, '1.19', '1.20'),
(261, 16, 3, 2, '0.59', '0.60'),
(262, 16, 5, 2, '0.59', '0.60'),
(263, 16, 4, 2, '1.79', '1.80'),
(264, 16, 4, 3, '1.79', '1.80'),
(265, 16, 4, 4, '1.79', '1.80'),
(266, 16, 4, 5, '1.79', '1.80'),
(267, 16, 4, 6, '2.09', '2.10'),
(268, 16, 2, 3, '1.19', '1.20'),
(269, 16, 2, 4, '1.19', '1.20'),
(270, 16, 2, 5, '1.19', '1.20'),
(271, 16, 2, 6, '1.39', '1.40'),
(272, 16, 3, 3, '0.59', '0.60'),
(273, 16, 3, 4, '0.59', '0.60'),
(274, 16, 3, 5, '0.59', '0.60'),
(275, 16, 3, 6, '0.69', '0.70'),
(276, 16, 5, 3, '0.59', '0.60'),
(277, 16, 5, 4, '0.59', '0.60'),
(278, 16, 5, 5, '0.59', '0.60'),
(279, 16, 5, 6, '0.69', '0.70'),
(280, 16, 2, 7, '1.59', '1.60'),
(281, 16, 2, 8, '1.59', '1.60'),
(282, 16, 2, 9, '1.59', '1.60'),
(283, 16, 4, 7, '2.39', '2.40'),
(284, 16, 4, 8, '2.39', '2.40'),
(285, 16, 4, 9, '2.39', '2.40'),
(287, 16, 3, 7, '0.79', '0.80'),
(288, 16, 5, 7, '0.79', '0.80'),
(289, 16, 5, 8, '0.79', '0.80'),
(290, 16, 3, 8, '0.79', '0.80'),
(291, 16, 3, 9, '0.79', '0.80'),
(292, 16, 5, 9, '0.79', '0.80'),
(293, 27, 2, 1, '0.09', '0.10'),
(294, 27, 2, 2, '0.09', '0.10'),
(295, 27, 2, 3, '0.09', '0.10'),
(296, 27, 2, 4, '0.09', '0.10'),
(297, 27, 2, 5, '0.09', '0.10'),
(298, 27, 2, 6, '0.10', '0.11'),
(305, 27, 3, 1, '0.04', '0.05'),
(306, 27, 3, 2, '0.04', '0.05'),
(307, 27, 3, 3, '0.04', '0.05'),
(308, 27, 3, 4, '0.04', '0.05'),
(309, 27, 3, 5, '0.04', '0.05'),
(310, 27, 3, 6, '0.05', '0.06'),
(311, 27, 5, 6, '0.05', '0.06'),
(312, 27, 5, 5, '0.04', '0.05'),
(313, 27, 5, 4, '0.04', '0.05'),
(314, 27, 5, 3, '0.04', '0.05'),
(315, 27, 5, 2, '0.04', '0.05'),
(316, 27, 5, 1, '0.04', '0.05'),
(317, 27, 4, 1, '0.14', '0.15'),
(318, 27, 4, 2, '0.14', '0.15'),
(319, 27, 4, 3, '0.14', '0.15'),
(320, 27, 4, 4, '0.14', '0.15'),
(321, 27, 4, 5, '0.14', '0.15'),
(322, 27, 4, 6, '0.16', '0.17'),
(323, 27, 2, 7, '0.11', '0.12'),
(324, 27, 2, 9, '0.11', '0.12'),
(325, 27, 2, 8, '0.11', '0.12'),
(326, 27, 3, 7, '0.05', '0.06'),
(327, 27, 3, 8, '0.05', '0.06'),
(328, 27, 3, 9, '0.05', '0.06'),
(329, 27, 5, 9, '0.05', '0.06'),
(330, 27, 5, 8, '0.05', '0.06'),
(331, 27, 5, 7, '0.05', '0.06'),
(332, 27, 4, 7, '0.17', '0.18'),
(333, 27, 4, 8, '0.17', '0.18'),
(334, 27, 4, 9, '0.17', '0.18'),
(335, 28, 2, 1, '0.17', '0.18'),
(336, 28, 2, 2, '0.17', '0.18'),
(337, 28, 2, 3, '0.17', '0.18'),
(338, 28, 2, 4, '0.17', '0.18'),
(339, 28, 2, 5, '0.17', '0.18'),
(340, 28, 2, 6, '0.20', '0.21'),
(341, 28, 3, 1, '0.08', '0.09'),
(342, 28, 3, 2, '0.08', '0.09'),
(343, 28, 3, 3, '0.08', '0.09'),
(344, 28, 3, 4, '0.08', '0.09'),
(345, 28, 3, 5, '0.08', '0.09'),
(346, 28, 3, 6, '0.10', '0.11'),
(347, 28, 5, 6, '0.10', '0.11'),
(348, 28, 5, 5, '0.08', '0.09'),
(349, 28, 5, 4, '0.08', '0.09'),
(350, 28, 5, 3, '0.08', '0.09'),
(351, 28, 5, 2, '0.08', '0.09'),
(352, 28, 5, 1, '0.08', '0.09'),
(353, 28, 4, 1, '0.26', '0.27'),
(354, 28, 4, 2, '0.26', '0.27'),
(355, 28, 4, 3, '0.26', '0.27'),
(356, 28, 4, 4, '0.26', '0.27'),
(357, 28, 4, 5, '0.26', '0.27'),
(358, 28, 4, 6, '0.31', '0.32'),
(362, 28, 2, 9, '0.23', '0.24'),
(363, 28, 2, 8, '0.23', '0.24'),
(364, 28, 2, 7, '0.23', '0.24'),
(365, 28, 3, 7, '0.11', '0.12'),
(366, 28, 3, 8, '0.11', '0.12'),
(367, 28, 3, 9, '0.11', '0.12'),
(368, 28, 4, 9, '0.35', '0.36'),
(369, 28, 4, 8, '0.35', '0.36'),
(370, 28, 4, 7, '0.35', '0.36'),
(371, 28, 5, 7, '0.11', '0.12'),
(372, 28, 5, 8, '0.11', '0.12'),
(373, 28, 5, 9, '0.11', '0.12'),
(376, 29, 2, 3, '29.30', '30.00'),
(377, 29, 2, 4, '29.99', '30.00'),
(378, 29, 2, 5, '29.99', '30.00'),
(379, 29, 3, 5, '14.99', '15.00'),
(380, 29, 3, 4, '14.99', '15.00'),
(381, 29, 3, 3, '14.99', '15.00'),
(382, 29, 3, 2, '14.99', '15.00'),
(385, 29, 5, 2, '14.99', '15.00'),
(386, 29, 5, 3, '14.99', '15.00'),
(387, 29, 5, 4, '14.99', '15.00'),
(388, 29, 5, 5, '14.99', '15.00'),
(389, 29, 4, 5, '44.99', '45.00'),
(390, 29, 4, 4, '44.99', '45.00'),
(391, 29, 4, 3, '44.99', '45.00'),
(392, 29, 4, 2, '44.99', '45.00'),
(394, 29, 2, 6, '34.99', '35.00'),
(395, 29, 3, 6, '17.49', '17.50'),
(396, 29, 5, 6, '17.49', '17.50'),
(397, 29, 4, 6, '52.49', '52.50'),
(398, 29, 2, 7, '39.99', '40.00'),
(399, 29, 2, 8, '39.99', '40.00'),
(400, 29, 2, 9, '39.99', '40.00'),
(401, 29, 3, 7, '19.99', '20.00'),
(402, 29, 5, 7, '19.99', '20.00'),
(403, 29, 5, 8, '19.99', '20.00'),
(404, 29, 3, 8, '19.99', '20.00'),
(405, 29, 3, 9, '19.99', '20.00'),
(406, 29, 5, 9, '19.99', '20.00'),
(407, 29, 4, 7, '59.99', '60.00'),
(408, 29, 4, 8, '59.99', '60.00'),
(409, 29, 4, 9, '59.99', '60.00'),
(410, 29, 2, 1, '29.99', '30.00'),
(411, 29, 2, 2, '29.99', '30.00'),
(415, 29, 3, 1, '14.99', '15.00'),
(424, 29, 5, 1, '14.99', '15.00'),
(425, 29, 4, 1, '44.99', '45.00'),
(446, 11, 2, 1, '99.99', '100.00'),
(447, 11, 2, 2, '99.99', '100.00'),
(448, 11, 2, 3, '99.99', '100.00'),
(449, 11, 2, 4, '99.99', '100.00'),
(450, 11, 2, 5, '99.99', '100.00'),
(451, 11, 2, 6, '109.99', '110.00'),
(452, 11, 2, 7, '119.99', '120.00'),
(453, 11, 2, 8, '119.99', '120.00'),
(454, 11, 2, 9, '119.99', '120.00'),
(455, 11, 3, 9, '59.99', '60.00'),
(456, 11, 3, 8, '59.99', '60.00'),
(457, 11, 3, 7, '59.99', '60.00'),
(458, 11, 3, 6, '54.99', '55.00'),
(459, 11, 3, 5, '49.99', '50.00'),
(460, 11, 3, 4, '49.99', '50.00'),
(461, 11, 3, 3, '49.99', '50.00'),
(462, 11, 3, 2, '49.99', '50.00'),
(463, 11, 3, 1, '49.99', '50.00'),
(464, 11, 5, 1, '49.99', '50.00'),
(465, 11, 5, 2, '49.99', '50.00'),
(466, 11, 5, 3, '49.99', '50.00'),
(467, 11, 5, 4, '49.99', '50.00'),
(468, 11, 5, 5, '49.99', '50.00'),
(469, 11, 5, 6, '54.99', '55.00'),
(470, 11, 5, 7, '59.99', '60.00'),
(471, 11, 5, 8, '59.99', '60.00'),
(472, 11, 5, 9, '59.99', '60.00'),
(473, 11, 4, 9, '179.99', '180.00'),
(474, 11, 4, 8, '179.99', '180.00'),
(475, 11, 4, 7, '179.99', '180.00'),
(476, 11, 4, 6, '164.99', '165.00'),
(477, 11, 4, 5, '149.99', '150.00'),
(478, 11, 4, 4, '149.99', '150.00'),
(479, 11, 4, 3, '149.99', '150.00'),
(480, 11, 4, 2, '149.99', '150.00'),
(481, 11, 4, 1, '149.99', '150.00'),
(482, 12, 2, 1, '159.99', '160.00'),
(483, 12, 2, 2, '159.99', '160.00'),
(484, 12, 2, 3, '159.99', '160.00'),
(485, 12, 2, 4, '159.99', '160.00'),
(486, 12, 2, 5, '159.99', '160.00'),
(487, 12, 2, 6, '159.99', '160.00'),
(488, 12, 2, 7, '159.99', '160.00'),
(489, 12, 2, 8, '159.99', '160.00'),
(490, 12, 2, 9, '159.99', '160.00'),
(491, 12, 3, 9, '79.99', '80.00'),
(492, 12, 3, 8, '79.99', '80.00'),
(493, 12, 3, 7, '79.99', '80.00'),
(494, 12, 3, 6, '79.99', '80.00'),
(495, 12, 3, 5, '79.99', '80.00'),
(496, 12, 3, 4, '79.99', '80.00'),
(497, 12, 3, 3, '79.99', '80.00'),
(498, 12, 3, 2, '79.99', '80.00'),
(499, 12, 3, 1, '79.99', '80.00'),
(500, 12, 5, 1, '79.99', '80.00'),
(501, 12, 5, 2, '79.99', '80.00'),
(502, 12, 5, 3, '79.99', '80.00'),
(503, 12, 5, 4, '79.99', '80.00'),
(504, 12, 5, 5, '79.99', '80.00'),
(505, 12, 5, 6, '79.99', '80.00'),
(506, 12, 5, 7, '79.99', '80.00'),
(507, 12, 5, 8, '79.99', '80.00'),
(508, 12, 5, 9, '79.99', '80.00'),
(509, 12, 4, 9, '239.99', '240.00'),
(510, 12, 4, 8, '239.99', '240.00'),
(512, 12, 4, 7, '239.99', '240.00'),
(513, 12, 4, 6, '239.99', '240.00'),
(514, 12, 4, 5, '239.99', '240.00'),
(515, 12, 4, 4, '239.99', '240.00'),
(516, 12, 4, 3, '239.99', '240.00'),
(517, 12, 4, 2, '239.99', '240.00'),
(518, 12, 4, 1, '239.99', '240.00'),
(519, 26, 2, 1, '11.99', '12.00'),
(520, 26, 2, 2, '11.99', '12.00'),
(521, 26, 2, 3, '11.99', '12.00'),
(522, 26, 2, 4, '11.99', '12.00'),
(523, 26, 2, 5, '11.99', '12.00'),
(524, 26, 2, 6, '13.59', '13.60'),
(525, 26, 2, 7, '15.19', '15.20'),
(526, 26, 2, 8, '15.19', '15.20'),
(527, 26, 2, 9, '15.19', '15.20'),
(528, 26, 3, 1, '5.99', '6.00'),
(529, 26, 3, 2, '5.99', '6.00'),
(530, 26, 3, 3, '5.99', '6.00'),
(531, 26, 3, 4, '5.99', '6.00'),
(532, 26, 3, 5, '5.99', '6.00'),
(533, 26, 3, 6, '6.79', '6.80'),
(534, 26, 3, 7, '7.59', '7.60'),
(535, 26, 3, 8, '7.59', '7.60'),
(536, 26, 3, 9, '7.59', '7.60'),
(537, 26, 5, 9, '7.59', '7.60'),
(538, 26, 5, 8, '7.59', '7.60'),
(539, 26, 5, 7, '7.59', '7.60'),
(540, 26, 5, 6, '6.79', '6.80'),
(541, 26, 5, 5, '5.99', '6.00'),
(542, 26, 5, 4, '5.99', '6.00'),
(543, 26, 5, 3, '5.99', '6.00'),
(544, 26, 5, 2, '5.99', '6.00'),
(545, 26, 5, 1, '5.99', '6.00'),
(546, 26, 4, 1, '17.99', '18.00'),
(547, 26, 4, 2, '17.99', '18.00'),
(548, 26, 4, 3, '17.99', '18.00'),
(549, 26, 4, 4, '17.99', '18.00'),
(550, 26, 4, 5, '17.99', '18.00'),
(551, 26, 4, 6, '20.39', '20.40'),
(552, 26, 4, 7, '22.79', '22.80'),
(553, 26, 4, 8, '22.79', '22.80'),
(554, 26, 4, 9, '22.79', '22.80'),
(558, 13, 2, 2, '1.15', '1.16'),
(559, 13, 2, 1, '1.15', '1.16'),
(560, 13, 2, 3, '1.15', '1.16'),
(561, 13, 2, 4, '1.15', '1.16'),
(562, 13, 2, 5, '1.15', '1.16'),
(563, 13, 2, 6, '1.20', '1.21'),
(564, 13, 2, 7, '1.25', '1.26'),
(565, 13, 2, 8, '1.25', '1.26'),
(566, 13, 2, 9, '1.25', '1.26'),
(567, 13, 3, 9, '0.62', '0.63'),
(568, 13, 3, 8, '0.62', '0.63'),
(569, 13, 3, 7, '0.62', '0.63'),
(570, 13, 3, 6, '0.60', '0.61'),
(571, 13, 3, 5, '0.57', '0.58'),
(572, 13, 3, 4, '0.57', '0.58'),
(573, 13, 3, 3, '0.57', '0.58'),
(574, 13, 3, 2, '0.57', '0.58'),
(575, 13, 3, 1, '0.57', '0.58'),
(576, 13, 5, 1, '0.57', '0.58'),
(577, 13, 5, 2, '0.57', '0.58'),
(578, 13, 5, 3, '0.57', '0.58'),
(579, 13, 5, 4, '0.57', '0.58'),
(580, 13, 5, 5, '0.57', '0.58'),
(581, 13, 5, 6, '0.60', '0.61'),
(582, 13, 5, 7, '0.62', '0.63'),
(583, 13, 5, 8, '0.62', '0.63'),
(584, 13, 5, 9, '0.62', '0.63'),
(585, 13, 4, 9, '1.88', '1.89'),
(586, 13, 4, 8, '1.88', '1.89'),
(587, 13, 4, 7, '1.88', '1.89'),
(588, 13, 4, 6, '1.81', '1.82'),
(589, 13, 4, 5, '1.73', '1.74'),
(590, 13, 4, 4, '1.73', '1.74'),
(591, 13, 4, 3, '1.73', '1.74'),
(592, 13, 4, 2, '1.73', '1.74'),
(593, 13, 4, 1, '1.73', '1.74'),
(594, 24, 2, 1, '79.99', '80.00'),
(595, 24, 2, 2, '79.99', '80.00'),
(596, 24, 2, 3, '79.99', '80.00'),
(597, 24, 2, 4, '79.99', '80.00'),
(598, 24, 2, 5, '79.99', '80.00'),
(599, 24, 2, 6, '79.99', '80.00'),
(600, 24, 2, 7, '139.99', '140.00'),
(601, 24, 2, 8, '139.99', '140.00'),
(602, 24, 2, 9, '139.99', '140.00'),
(603, 24, 3, 9, '34.99', '35.00'),
(604, 24, 3, 8, '34.99', '35.00'),
(605, 24, 3, 7, '34.99', '35.00'),
(606, 24, 3, 6, '19.99', '20.00'),
(607, 24, 3, 5, '19.99', '20.00'),
(608, 24, 3, 4, '19.99', '20.00'),
(609, 24, 3, 3, '19.99', '20.00'),
(610, 24, 3, 2, '19.99', '20.00'),
(611, 24, 3, 1, '19.99', '20.00'),
(612, 24, 5, 1, '19.99', '20.00'),
(613, 24, 5, 2, '19.99', '20.00'),
(614, 24, 5, 3, '19.99', '20.00'),
(615, 24, 5, 4, '19.99', '20.00'),
(616, 24, 5, 5, '19.99', '20.00'),
(617, 24, 5, 6, '19.99', '20.00'),
(618, 24, 5, 7, '34.99', '35.00'),
(619, 24, 5, 8, '34.99', '35.00'),
(620, 24, 5, 9, '34.99', '35.00'),
(621, 24, 4, 9, '279.99', '280.00'),
(622, 24, 4, 8, '279.99', '280.00'),
(623, 24, 4, 7, '279.99', '280.00'),
(624, 24, 4, 6, '159.99', '160.00'),
(625, 24, 4, 5, '159.99', '160.00'),
(626, 24, 4, 4, '159.99', '160.00'),
(627, 24, 4, 3, '159.99', '160.00'),
(628, 24, 4, 2, '159.99', '160.00'),
(629, 24, 4, 1, '159.99', '160.00'),
(630, 3, 2, 1, '162.87', '171.44'),
(631, 3, 3, 1, '40.72', '42.86'),
(632, 3, 4, 1, '325.73', '342.88'),
(633, 3, 5, 1, '40.72', '42.86'),
(634, 3, 2, 2, '179.95', '189.42'),
(635, 3, 3, 2, '44.99', '47.36'),
(636, 3, 4, 2, '359.90', '378.85'),
(637, 3, 5, 2, '44.99', '47.36'),
(638, 3, 2, 3, '197.04', '207.41'),
(639, 3, 3, 3, '49.26', '51.85'),
(640, 3, 4, 3, '394.08', '414.82'),
(641, 3, 5, 3, '49.26', '51.85'),
(642, 3, 2, 4, '211.11', '222.22'),
(643, 3, 3, 4, '52.78', '55.56'),
(644, 3, 5, 4, '52.78', '55.56'),
(645, 3, 4, 4, '422.22', '444.44'),
(646, 3, 2, 5, '225.18', '237.03'),
(647, 3, 3, 5, '56.30', '59.26'),
(648, 3, 5, 5, '56.30', '59.26'),
(649, 3, 4, 5, '450.36', '474.07'),
(650, 3, 2, 6, '235.89', '248.31'),
(651, 3, 3, 6, '58.97', '62.08'),
(652, 3, 5, 6, '58.97', '62.08'),
(653, 3, 4, 6, '471.78', '496.61'),
(654, 3, 2, 7, '246.60', '259.58'),
(655, 3, 3, 7, '61.65', '64.90'),
(656, 3, 5, 7, '61.65', '64.90'),
(657, 3, 4, 7, '493.20', '519.16'),
(658, 3, 2, 8, '255.76', '269.22'),
(659, 3, 3, 8, '63.94', '67.31'),
(660, 3, 5, 8, '63.94', '67.31'),
(661, 3, 4, 8, '511.52', '538.44'),
(662, 3, 2, 9, '264.92', '278.86'),
(663, 3, 3, 9, '66.23', '69.72'),
(664, 3, 5, 9, '66.23', '69.72'),
(665, 3, 4, 9, '529.83', '557.72'),
(702, 7, 2, 1, '2.99', '3.00'),
(703, 7, 2, 2, '2.99', '3.00'),
(704, 7, 2, 3, '2.99', '3.00'),
(705, 7, 2, 4, '2.99', '3.00'),
(706, 7, 2, 5, '2.99', '3.00'),
(707, 7, 3, 5, '0.74', '0.75'),
(708, 7, 3, 4, '0.74', '0.75'),
(709, 7, 3, 3, '0.74', '0.75'),
(710, 7, 3, 2, '0.74', '0.75'),
(711, 7, 3, 1, '0.74', '0.75'),
(712, 7, 5, 1, '0.74', '0.75'),
(713, 7, 5, 2, '0.74', '0.75'),
(714, 7, 5, 3, '0.74', '0.75'),
(715, 7, 5, 4, '0.74', '0.75'),
(716, 7, 5, 5, '0.74', '0.75'),
(717, 7, 4, 1, '5.99', '6.00'),
(718, 7, 4, 2, '5.99', '6.00'),
(719, 7, 4, 3, '5.99', '6.00'),
(720, 7, 4, 4, '5.99', '6.00'),
(721, 7, 4, 5, '5.99', '6.00'),
(722, 7, 2, 6, '3.39', '3.40'),
(723, 7, 3, 6, '0.84', '0.85'),
(724, 7, 5, 6, '0.84', '0.85'),
(725, 7, 4, 6, '6.79', '6.80'),
(726, 7, 2, 7, '3.79', '3.80'),
(727, 7, 2, 8, '3.79', '3.80'),
(728, 7, 2, 9, '3.79', '3.80'),
(729, 7, 3, 9, '0.94', '0.95'),
(730, 7, 3, 8, '0.94', '0.95'),
(731, 7, 3, 7, '0.94', '0.95'),
(732, 7, 5, 7, '0.94', '0.95'),
(733, 7, 5, 8, '0.94', '0.95'),
(734, 7, 5, 9, '0.94', '0.95'),
(735, 7, 4, 7, '7.59', '7.60'),
(736, 7, 4, 8, '7.59', '7.60'),
(737, 7, 4, 9, '7.59', '7.60'),
(738, 21, 2, 1, '12.03', '15.41'),
(739, 21, 3, 1, '3.01', '3.85'),
(740, 21, 5, 1, '3.01', '3.85'),
(741, 21, 4, 1, '24.05', '30.81'),
(742, 21, 2, 2, '13.80', '16.51'),
(743, 21, 3, 2, '3.45', '4.13'),
(744, 21, 5, 2, '3.45', '4.13'),
(745, 21, 4, 2, '27.59', '33.02'),
(746, 21, 2, 3, '15.57', '17.62'),
(747, 21, 3, 3, '3.89', '4.40'),
(748, 21, 5, 3, '3.89', '4.40'),
(749, 21, 4, 3, '31.13', '35.24'),
(750, 21, 2, 4, '16.62', '18.93'),
(751, 21, 3, 4, '4.16', '4.73'),
(752, 21, 5, 4, '4.16', '4.73'),
(753, 21, 4, 4, '33.25', '37.86'),
(754, 21, 2, 5, '17.68', '20.24'),
(755, 21, 3, 5, '4.42', '5.06'),
(756, 21, 5, 5, '4.42', '5.06'),
(757, 21, 4, 5, '35.36', '40.49'),
(758, 21, 2, 6, '18.61', '21.12'),
(759, 21, 3, 6, '4.65', '5.28'),
(760, 21, 5, 6, '4.65', '5.28'),
(761, 21, 4, 6, '37.21', '42.25'),
(762, 21, 2, 7, '19.53', '22.00'),
(763, 21, 3, 7, '4.88', '5.50'),
(764, 21, 5, 7, '4.88', '5.50'),
(765, 21, 4, 7, '39.06', '44.00'),
(766, 21, 2, 8, '20.77', '22.16'),
(767, 21, 3, 8, '5.19', '5.54'),
(768, 21, 5, 8, '5.19', '5.54'),
(769, 21, 4, 8, '41.53', '44.31'),
(770, 21, 2, 9, '22.01', '22.31'),
(771, 21, 3, 9, '5.50', '5.58'),
(772, 21, 5, 9, '5.50', '5.58'),
(773, 21, 4, 9, '44.01', '44.62'),
(774, 20, 2, 1, '6.01', '7.70'),
(775, 20, 3, 1, '1.50', '1.93'),
(776, 20, 5, 1, '1.50', '1.93'),
(777, 20, 4, 1, '12.03', '15.41'),
(778, 20, 2, 2, '6.90', '8.26'),
(779, 20, 3, 2, '1.72', '2.06'),
(780, 20, 5, 2, '1.72', '2.06'),
(781, 20, 4, 2, '13.80', '16.51'),
(782, 20, 2, 3, '7.78', '8.81'),
(783, 20, 3, 3, '1.95', '2.20'),
(784, 20, 5, 3, '1.95', '2.20'),
(785, 20, 4, 3, '15.57', '17.62'),
(786, 20, 2, 4, '8.31', '9.47'),
(787, 20, 3, 4, '2.08', '2.37'),
(788, 20, 5, 4, '2.08', '2.37'),
(789, 20, 4, 4, '16.62', '18.93'),
(790, 20, 2, 5, '8.84', '10.12'),
(791, 20, 3, 5, '2.21', '2.53'),
(792, 20, 5, 5, '2.21', '2.53'),
(793, 20, 4, 5, '17.68', '20.24'),
(794, 20, 2, 6, '9.30', '10.56'),
(795, 20, 3, 6, '2.33', '2.64'),
(796, 20, 5, 6, '2.33', '2.64'),
(797, 20, 4, 6, '18.61', '21.12'),
(798, 20, 2, 7, '9.77', '11.00'),
(799, 20, 3, 7, '2.44', '2.75'),
(800, 20, 5, 7, '2.44', '2.75'),
(801, 20, 4, 7, '19.53', '22.00'),
(802, 20, 2, 8, '10.38', '11.08'),
(803, 20, 3, 8, '2.60', '2.77'),
(804, 20, 5, 8, '2.60', '2.77'),
(805, 20, 4, 8, '20.77', '22.16'),
(806, 20, 2, 9, '11.00', '11.15'),
(807, 20, 3, 9, '2.75', '2.79'),
(808, 20, 5, 9, '2.75', '2.79'),
(809, 20, 4, 9, '22.00', '22.31'),
(810, 19, 2, 1, '27.06', '34.66'),
(811, 19, 3, 1, '6.76', '8.67'),
(812, 19, 5, 1, '6.76', '8.67'),
(813, 19, 4, 1, '54.11', '69.32'),
(814, 19, 2, 2, '31.04', '37.15'),
(815, 19, 3, 2, '7.76', '9.29'),
(816, 19, 5, 2, '7.76', '9.29'),
(817, 19, 4, 2, '62.08', '74.30'),
(818, 19, 2, 3, '35.02', '39.64'),
(819, 19, 3, 3, '8.76', '9.91'),
(820, 19, 5, 3, '8.76', '9.91'),
(821, 19, 4, 3, '70.05', '79.29'),
(822, 19, 2, 4, '37.40', '42.60'),
(823, 19, 3, 4, '9.35', '10.65'),
(824, 19, 5, 4, '9.35', '10.65'),
(825, 19, 4, 4, '74.81', '85.19'),
(826, 19, 2, 5, '39.78', '45.55'),
(827, 19, 3, 5, '9.95', '11.39'),
(828, 19, 5, 5, '9.95', '11.39'),
(829, 19, 4, 5, '79.57', '91.10'),
(830, 19, 2, 6, '41.86', '47.53'),
(831, 19, 3, 6, '10.47', '11.88'),
(832, 19, 5, 6, '10.47', '11.88'),
(833, 19, 4, 6, '83.73', '95.05'),
(834, 19, 2, 7, '43.94', '49.50'),
(835, 19, 3, 7, '10.99', '12.38'),
(836, 19, 5, 7, '10.99', '12.38'),
(837, 19, 4, 7, '87.89', '99.01'),
(838, 19, 2, 8, '46.73', '49.85'),
(839, 19, 3, 8, '11.69', '12.46'),
(840, 19, 5, 8, '11.69', '12.46'),
(841, 19, 4, 8, '93.45', '99.70'),
(842, 19, 2, 9, '49.51', '50.19'),
(843, 19, 3, 9, '12.38', '12.55'),
(844, 19, 5, 9, '12.38', '12.55'),
(845, 19, 4, 9, '99.02', '100.39'),
(847, 22, 2, 1, '36.00', '40.00'),
(848, 22, 2, 2, '36.00', '40.00'),
(849, 22, 2, 3, '36.00', '40.00'),
(850, 22, 2, 4, '36.00', '40.00'),
(851, 22, 2, 5, '36.00', '40.00'),
(852, 22, 2, 6, '36.00', '40.00'),
(853, 22, 2, 7, '36.00', '40.00'),
(854, 22, 2, 8, '36.00', '40.00'),
(855, 22, 2, 9, '36.00', '40.00'),
(856, 22, 3, 9, '9.00', '10.00'),
(857, 22, 3, 8, '9.00', '10.00'),
(858, 22, 3, 7, '9.00', '10.00'),
(859, 22, 3, 6, '9.00', '10.00'),
(860, 22, 3, 5, '9.00', '10.00'),
(861, 22, 3, 4, '9.00', '10.00'),
(862, 22, 3, 3, '9.00', '10.00'),
(863, 22, 3, 2, '9.00', '10.00'),
(864, 22, 3, 1, '9.00', '10.00'),
(865, 22, 5, 1, '9.00', '10.00'),
(866, 22, 5, 2, '9.00', '10.00'),
(867, 22, 5, 3, '9.00', '10.00'),
(868, 22, 5, 4, '9.00', '10.00'),
(869, 22, 5, 5, '9.00', '10.00'),
(870, 22, 5, 6, '9.00', '10.00'),
(871, 22, 5, 7, '9.00', '10.00'),
(872, 22, 5, 8, '9.00', '10.00'),
(873, 22, 5, 9, '9.00', '10.00'),
(874, 22, 4, 9, '72.00', '80.00'),
(875, 22, 4, 8, '72.00', '80.00'),
(876, 22, 4, 7, '72.00', '80.00'),
(877, 22, 4, 6, '72.00', '80.00'),
(878, 22, 4, 5, '72.00', '80.00'),
(879, 22, 4, 4, '72.00', '80.00'),
(880, 22, 4, 3, '72.00', '80.00'),
(881, 22, 4, 2, '72.00', '80.00'),
(882, 22, 4, 1, '72.00', '80.00'),
(883, 23, 2, 1, '599.99', '600.00'),
(884, 23, 2, 2, '599.99', '600.00'),
(885, 23, 2, 3, '599.99', '600.00'),
(886, 23, 2, 4, '599.99', '600.00'),
(887, 23, 2, 5, '599.99', '600.00'),
(888, 23, 2, 6, '599.99', '600.00'),
(889, 23, 3, 6, '149.99', '150.00'),
(890, 23, 3, 5, '149.99', '150.00'),
(891, 23, 3, 4, '149.99', '150.00'),
(892, 23, 3, 3, '149.99', '150.00'),
(893, 23, 3, 2, '149.99', '150.00'),
(894, 23, 3, 1, '149.99', '150.00'),
(895, 23, 5, 1, '149.99', '150.00'),
(896, 23, 5, 2, '149.99', '150.00'),
(897, 23, 5, 3, '149.99', '150.00'),
(898, 23, 5, 4, '149.99', '150.00'),
(899, 23, 5, 5, '149.99', '150.00'),
(900, 23, 5, 6, '149.99', '150.00'),
(901, 23, 4, 6, '1199.99', '1200.00'),
(902, 23, 4, 5, '1199.99', '1200.00'),
(903, 23, 4, 4, '1199.99', '1200.00'),
(904, 23, 4, 3, '1199.99', '1200.00'),
(905, 23, 4, 2, '1199.99', '1200.00'),
(906, 23, 4, 1, '1199.99', '1200.00'),
(907, 23, 2, 7, '759.99', '760.00'),
(908, 23, 2, 8, '759.99', '760.00'),
(909, 23, 2, 9, '759.99', '760.00'),
(910, 23, 3, 9, '189.99', '190.00'),
(911, 23, 3, 8, '189.99', '190.00'),
(912, 23, 3, 7, '189.99', '190.00'),
(913, 23, 5, 7, '189.99', '190.00'),
(914, 23, 5, 8, '189.99', '190.00'),
(915, 23, 5, 9, '189.99', '190.00'),
(916, 23, 4, 9, '1519.99', '1520.00'),
(917, 23, 4, 8, '1519.99', '1520.00'),
(918, 23, 4, 7, '1519.99', '1520.00'),
(919, 25, 2, 1, '0.59', '0.60'),
(920, 25, 2, 2, '0.59', '0.60'),
(921, 25, 2, 3, '0.59', '0.60'),
(922, 25, 2, 4, '0.59', '0.60'),
(923, 25, 2, 5, '0.59', '0.60'),
(924, 25, 2, 6, '0.59', '0.60'),
(925, 25, 3, 6, '0.14', '0.15'),
(926, 25, 3, 5, '0.14', '0.15'),
(927, 25, 3, 4, '0.14', '0.15'),
(928, 25, 3, 3, '0.14', '0.15'),
(929, 25, 3, 2, '0.14', '0.15'),
(930, 25, 3, 1, '0.14', '0.15'),
(931, 25, 5, 1, '0.14', '0.15'),
(932, 25, 5, 2, '0.14', '0.15'),
(933, 25, 5, 3, '0.14', '0.15'),
(934, 25, 5, 4, '0.14', '0.15'),
(935, 25, 5, 5, '0.14', '0.15'),
(936, 25, 5, 6, '0.14', '0.15'),
(937, 25, 4, 6, '1.19', '1.20'),
(938, 25, 4, 5, '1.19', '1.20'),
(939, 25, 4, 4, '1.19', '1.20'),
(940, 25, 4, 3, '1.19', '1.20'),
(941, 25, 4, 2, '1.19', '1.20'),
(942, 25, 4, 1, '1.19', '1.20'),
(943, 25, 2, 7, '0.99', '1.00'),
(944, 25, 2, 8, '0.99', '1.00'),
(945, 25, 2, 9, '0.99', '1.00'),
(946, 25, 3, 9, '0.24', '0.25'),
(947, 25, 3, 8, '0.24', '0.25'),
(948, 25, 3, 7, '0.24', '0.25'),
(949, 25, 5, 7, '0.24', '0.25'),
(950, 25, 5, 8, '0.24', '0.25'),
(951, 25, 5, 9, '0.24', '0.25'),
(953, 25, 4, 9, '1.99', '2.00'),
(954, 25, 4, 8, '1.99', '2.00'),
(955, 25, 4, 7, '1.99', '2.00');

--
-- Volcado de datos para la tabla `tiempo_comida`
--

INSERT INTO `tiempo_comida` (`tiem_com_id`, `tiem_com_nombre`, `tiem_com_hora_inicio`, `tiempo_com_hora_fin`) VALUES
(2, 'DESAYUNO', '08:00:00', '08:30:00'),
(3, 'REFRIGERIO_DE_LA_MAÑANA', '10:00:00', '10:30:00'),
(4, 'ALMUERZO', '12:00:00', '12:30:00'),
(5, 'REFRIGERIO_DE_LA_TARDE', '15:00:00', '15:30:00');

--
-- Volcado de datos para la tabla `tipo_preparacion_carta`
--

INSERT INTO `tipo_preparacion_carta` (`tipo_prep_carta_id`, `tipo_prep_carta_nombre`, `tipo_prep_carta_descripcion`) VALUES
(1, 'sopa', 'sopa'),
(2, 'acompañado', 'acompañado'),
(3, 'plato fuerte', 'plato fuerte'),
(4, 'ensalada', 'ensalada'),
(5, 'fruta', 'fruta'),
(6, 'liquido', 'liquido'),
(7, 'otros', 'otros'),
(8, 'solido', 'solido'),
(9, 'jugo', 'jugo');

--
-- Volcado de datos para la tabla `tipo_receta`
--

INSERT INTO `tipo_receta` (`tipo_receta_id`, `grupo_platillo_id`, `tipo_prep_carta_id`, `tipo_receta_nombre`, `tipo_receta_descripcion`, `tipo_receta_cantidad_max`) VALUES
(1, 2, 1, 'cremas', 'crema de zanahoria, crema de champiñones', '100.00'),
(2, 2, 1, 'caldos', 'consome', '100.00'),
(3, 2, 1, 'SOPAS', 'sopa de quinua, sopa de arroz de cebada', '100.00'),
(4, 3, 2, 'carnes [Proteínas]', 'estofados, aves y mariscos', '50.00'),
(5, 3, 3, 'guarniciones', 'arroz, papas, fideos, mote, verde, yuca', '50.00'),
(6, 3, 4, 'ensaladas y menestras (frias)', 'lechuga con tomate y cebolla, encurtido', '30.00'),
(7, 3, 4, 'ensaladas y menestras (calientes)', 'guiso de verduras', '30.00'),
(8, 4, 5, 'alimentos de media mañana / media tarde', 'ensalada de frutas (40 gr solido, 40 gr liquido)', '80.00'),
(9, 4, 6, 'alimentos de media mañana / media tarde', 'jugos (frutas)', '40.00'),
(10, 4, 8, 'alimentos de media mañana / media tarde', 'bolon, majado', '80.00'),
(11, 4, 8, 'coladas, batidos, avenas', 'colada de platano', '80.00'),
(12, 5, 5, 'fruta', 'manzana, peras, uvas', '100.00'),
(13, 5, 6, 'jugos ', 'jugo de naranjilla', '100.00'),
(14, 6, 7, 'POSTRES', ' galletas, pastel', '40.00');

--
-- Volcado de datos para la tabla `user`
--

INSERT INTO `user` (`id`, `first_name`, `last_name`, `username`, `auth_key`, `password_hash`, `password_reset_token`, `email`, `status`, `created_at`, `updated_at`) VALUES
(1, 'adm5', 'adm5', 'adm5', 'eiuWvmtqm9TO_lUkEd79rqFhCaItkajy', '$2y$13$PPAIf/iunQgUWkmJStEwp.IcpTmn08wDD37BY0Ni.sTYHVAWFTBvC', NULL, 'unrealmach2@hotmail.com', 10, 1435896515, 1435960226),
(2, 'Mauricio Robinson', 'Chamorro Chamorro', 'unrealmach', 'kfA444Wrk5uAZMIrRQGVhYHsV00HGR89', '$2y$13$aVRHzeH2JXDm7OiM8A1SXeQCITYb1NF3eCv44hwSyUE3Bvx8B8Rx2', NULL, 'unrealmach@hotmail.com', 10, 1438918844, 1438918844),
(3, 'institucion1', 'institucion1', 'institucion1', 'ZOe0GHiREM7SL2gF-6QfKHJ_rW-iBig1', '$2y$13$bWI/utKbe1SCm2Yxyz1dF.rqMSvaMno68wzzid5rvKIOsK//WsKte', NULL, 'institucion1@hotmail.com', 10, 1438965380, 1438965380),
(4, 'nutricion1', 'nutricion1', 'nutricion1', 'RtDC8xnapND-sHbwhcKz89rPGb_wTP9w', '$2y$13$dyufqsuuYq5OFCCz2NDvFehtUr8hU6rdhpqrC0kyj07RCKvytKrpq', NULL, 'nutricion@hotmail.com', 10, 1438966565, 1438966565);
SET FOREIGN_KEY_CHECKS=1;
COMMIT;

/*!40101 SET CHARACTER_SET_CLIENT=@OLD_CHARACTER_SET_CLIENT */;
/*!40101 SET CHARACTER_SET_RESULTS=@OLD_CHARACTER_SET_RESULTS */;
/*!40101 SET COLLATION_CONNECTION=@OLD_COLLATION_CONNECTION */;
